player,phase,total_innings,high_pressure_innings,low_pressure_innings,pts,high_dismissal_rate,low_dismissal_rate,sr_delta,high_pressure_sr,low_pressure_sr,boundary_delta,high_pressure_boundary_pct,low_pressure_boundary_pct,overall_sr,overall_dismissal_rate,overall_dot_density,cluster,archetype,archetype_color
BB McCullum,PP,126,14,112,2.074,0.5,0.2411,-77.32,61.32,138.64,-0.1438,0.0784,0.2222,130.05,0.2698,0.4226,4,Pressure Vulnerable,#e74c3c
AC Gilchrist,PP,62,10,52,1.642,0.6,0.3654,-43.09,95.15,138.24,-0.0588,0.1764,0.2352,131.29,0.4032,0.4244,3,Explosive Aggressor,#3498db
GC Smith,PP,47,15,32,2.438,0.5333,0.2188,-51.05,72.36,123.41,-0.0733,0.127,0.2003,107.12,0.3191,0.4802,4,Pressure Vulnerable,#e74c3c
CH Gayle,PP,151,37,114,1.961,0.5676,0.2895,-71.24,75.69,146.93,-0.1193,0.1278,0.2472,129.47,0.3576,0.4724,4,Pressure Vulnerable,#e74c3c
ST Jayasuriya,PP,36,6,30,1.364,0.5,0.3667,-78.61,70.55,149.16,-0.1526,0.1085,0.2611,136.06,0.3889,0.4305,4,Pressure Vulnerable,#e74c3c
Mohammad Hafeez,PP,47,18,29,1.841,0.4444,0.2414,-32.41,80.38,112.79,-0.0479,0.1332,0.1811,100.37,0.3191,0.5326,1,Composed Accumulator,#2ecc71
SR Tendulkar,PP,61,8,53,3.786,0.5,0.1321,-32.28,84.88,117.16,-0.0244,0.1642,0.1886,112.93,0.1803,0.4229,0,Steady Anchor,#34495e
V Sehwag,PP,70,5,65,0.565,0.2,0.3538,-58.0,87.79,145.79,-0.1096,0.1371,0.2467,141.65,0.3429,0.3703,4,Pressure Vulnerable,#e74c3c
KC Sangakkara,PP,37,7,30,1.071,0.2857,0.2667,-47.61,70.02,117.63,-0.0754,0.1192,0.1946,108.62,0.2703,0.4528,4,Pressure Vulnerable,#e74c3c
LMP Simmons,PP,58,9,49,0.99,0.2222,0.2245,-52.99,72.85,125.84,-0.1017,0.0988,0.2005,117.62,0.2241,0.455,4,Pressure Vulnerable,#e74c3c
Tamim Iqbal,PP,52,9,43,1.76,0.7778,0.4419,-48.63,67.54,116.17,-0.0624,0.1096,0.1721,107.75,0.5,0.4556,4,Pressure Vulnerable,#e74c3c
HH Gibbs,PP,40,10,30,1.5,0.4,0.2667,-44.0,86.41,130.42,-0.0426,0.158,0.2006,119.41,0.3,0.4782,1,Composed Accumulator,#2ecc71
CO Obuya,PP,23,8,15,1.25,0.25,0.2,-57.32,82.56,139.89,-0.105,0.1238,0.2288,119.95,0.2174,0.4737,4,Pressure Vulnerable,#e74c3c
MEK Hussey,PP,53,11,42,3.182,0.4545,0.1429,-51.97,62.76,114.73,-0.0564,0.1049,0.1613,103.95,0.2075,0.4571,0,Steady Anchor,#34495e
Kamran Akmal,PP,24,12,12,1.667,0.4167,0.25,-55.28,85.17,140.45,-0.0792,0.1488,0.228,112.81,0.3333,0.5383,4,Pressure Vulnerable,#e74c3c
RV Uthappa,PP,92,12,80,2.105,0.5,0.2375,-60.44,69.53,129.97,-0.1086,0.0896,0.1982,122.08,0.2717,0.4161,4,Pressure Vulnerable,#e74c3c
ML Hayden,PP,36,9,27,0.857,0.2222,0.2593,-66.49,78.76,145.26,-0.1,0.148,0.2479,128.63,0.25,0.4454,4,Pressure Vulnerable,#e74c3c
JP Duminy,PP,21,5,16,3.2,0.2,0.0625,-32.96,78.02,110.98,-0.0669,0.1176,0.1845,103.13,0.0952,0.4849,0,Steady Anchor,#34495e
G Gambhir,PP,130,10,120,2.0,0.5,0.25,-50.71,71.92,122.63,-0.0787,0.1051,0.1839,118.73,0.2692,0.3798,4,Pressure Vulnerable,#e74c3c
AB de Villiers,PP,42,6,36,2.4,0.3333,0.1389,-20.1,106.43,126.52,0.0069,0.2032,0.1963,123.65,0.1667,0.4294,1,Composed Accumulator,#2ecc71
DPMD Jayawardene,PP,53,9,44,3.259,0.6667,0.2045,-62.12,75.42,137.54,-0.114,0.1285,0.2425,126.99,0.283,0.4314,4,Pressure Vulnerable,#e74c3c
JD Ryder,PP,35,6,29,1.859,0.8333,0.4483,-74.45,67.78,142.23,-0.0995,0.1261,0.2256,129.46,0.5143,0.4305,4,Pressure Vulnerable,#e74c3c
LJ Wright,PP,50,6,44,2.75,1.0,0.3636,-41.91,89.17,131.08,-0.0602,0.1437,0.2039,126.05,0.44,0.4217,3,Explosive Aggressor,#3498db
SC Ganguly,PP,27,7,20,3.81,0.5714,0.15,-69.3,48.91,118.21,-0.1219,0.0719,0.1938,100.24,0.2593,0.497,0,Steady Anchor,#34495e
S Dhawan,PP,203,24,179,1.865,0.4583,0.2458,-39.35,88.05,127.4,-0.0433,0.1525,0.1958,122.75,0.2709,0.4047,3,Explosive Aggressor,#3498db
SR Watson,PP,113,30,83,2.475,0.5667,0.2289,-57.77,76.02,133.79,-0.0831,0.1216,0.2048,118.46,0.3186,0.4697,4,Pressure Vulnerable,#e74c3c
PA Patel,PP,86,9,77,1.528,0.5556,0.3636,-41.89,85.37,127.25,-0.039,0.1679,0.2069,122.87,0.3837,0.4149,3,Explosive Aggressor,#3498db
WP Saha,PP,58,6,52,1.333,0.6667,0.5,-63.42,78.17,141.59,-0.1017,0.1349,0.2365,135.03,0.5172,0.393,4,Pressure Vulnerable,#e74c3c
R Dravid,PP,44,11,33,2.25,0.2727,0.1212,-40.64,77.83,118.47,-0.0665,0.1355,0.202,108.31,0.1591,0.4947,1,Composed Accumulator,#2ecc71
AM Rahane,PP,126,13,113,3.401,0.6923,0.2035,-56.82,72.01,128.84,-0.073,0.1229,0.1959,122.97,0.254,0.3982,4,Pressure Vulnerable,#e74c3c
SE Marsh,PP,100,14,86,1.536,0.2143,0.1395,-37.96,73.81,111.77,-0.0192,0.1328,0.152,106.46,0.15,0.4234,1,Composed Accumulator,#2ecc71
V Kohli,PP,169,15,154,4.4,0.6,0.1364,-62.36,69.26,131.62,-0.094,0.1021,0.1961,126.08,0.1775,0.3776,0,Steady Anchor,#34495e
SK Raina,PP,72,13,59,2.269,0.4615,0.2034,-47.56,93.07,140.63,-0.0513,0.1757,0.227,132.04,0.25,0.4308,3,Explosive Aggressor,#3498db
CL White,PP,35,5,30,2.0,0.6,0.3,-58.15,51.61,109.76,-0.1014,0.0567,0.158,101.45,0.3429,0.4576,4,Pressure Vulnerable,#e74c3c
JH Kallis,PP,70,16,54,1.875,0.3125,0.1667,-28.71,85.98,114.7,-0.0292,0.1447,0.1739,108.13,0.2,0.4567,1,Composed Accumulator,#2ecc71
RG Sharma,PP,181,28,153,2.266,0.6071,0.268,-58.28,81.91,140.19,-0.0895,0.1307,0.2201,131.17,0.3204,0.4301,4,Pressure Vulnerable,#e74c3c
DR Smith,PP,69,20,49,1.378,0.45,0.3265,-56.43,77.35,133.78,-0.0992,0.1233,0.2225,117.42,0.3623,0.4829,4,Pressure Vulnerable,#e74c3c
KJ Coetzer,PP,32,5,27,2.7,0.6,0.2222,-64.4,81.91,146.31,-0.1071,0.1373,0.2444,136.24,0.2812,0.4168,4,Pressure Vulnerable,#e74c3c
DA Warner,PP,212,18,194,2.005,0.4444,0.2216,-69.4,74.76,144.17,-0.1231,0.1047,0.2277,138.27,0.2406,0.3876,4,Pressure Vulnerable,#e74c3c
TM Dilshan,PP,67,13,54,1.662,0.3077,0.1852,-80.38,53.19,133.57,-0.1552,0.0688,0.224,117.98,0.209,0.421,4,Pressure Vulnerable,#e74c3c
MJ Guptill,PP,98,10,88,1.821,0.6,0.3295,-55.2,79.06,134.26,-0.0739,0.1286,0.2025,128.62,0.3571,0.4162,4,Pressure Vulnerable,#e74c3c
M Vijay,PP,83,10,73,2.781,0.8,0.2877,-36.65,82.36,119.01,-0.0304,0.1334,0.1639,114.6,0.3494,0.4436,1,Composed Accumulator,#2ecc71
NV Ojha,PP,31,15,16,0.914,0.4,0.4375,-41.02,81.35,122.37,-0.0686,0.1309,0.1995,102.52,0.4194,0.5296,1,Composed Accumulator,#2ecc71
Ahmed Shehzad,PP,40,9,31,1.914,0.5556,0.2903,-44.87,68.65,113.52,-0.0618,0.1095,0.1714,103.42,0.35,0.4613,1,Composed Accumulator,#2ecc71
MK Pandey,PP,52,9,43,3.822,0.4444,0.1163,-46.52,81.83,128.36,-0.0886,0.1153,0.204,120.31,0.1731,0.443,0,Steady Anchor,#34495e
ADS Fletcher,PP,35,13,22,2.256,0.6154,0.2727,-28.06,95.46,123.52,-0.0324,0.1383,0.1707,113.09,0.4,0.5002,1,Composed Accumulator,#2ecc71
WTS Porterfield,PP,24,8,16,1.2,0.375,0.3125,-70.24,57.84,128.09,-0.112,0.0828,0.1948,104.67,0.3333,0.4873,4,Pressure Vulnerable,#e74c3c
PR Stirling,PP,79,13,66,2.688,0.6923,0.2576,-53.47,91.44,144.92,-0.0833,0.1611,0.2445,136.12,0.3291,0.4212,4,Pressure Vulnerable,#e74c3c
M Raj,PP,28,7,21,1.5,0.1429,0.0952,-33.11,53.27,86.38,-0.035,0.0879,0.1229,78.1,0.1071,0.539,1,Composed Accumulator,#2ecc71
SW Bates,PP,85,20,65,3.611,0.5,0.1385,-28.75,76.81,105.56,-0.017,0.1202,0.1372,98.79,0.2235,0.4607,0,Steady Anchor,#34495e
CM Edwards,PP,37,15,22,2.347,0.5333,0.2273,-21.62,82.24,103.86,-0.0147,0.1488,0.1634,95.1,0.3514,0.5153,1,Composed Accumulator,#2ecc71
DJS Dottin,PP,24,10,14,3.5,0.5,0.1429,-33.14,90.95,124.09,-0.0502,0.1492,0.1994,110.28,0.2917,0.4994,0,Steady Anchor,#34495e
T Chetty,PP,16,6,10,5.0,0.5,0.1,-58.68,55.18,113.86,-0.0995,0.0566,0.1561,91.86,0.25,0.4677,0,Steady Anchor,#34495e
JL Denly,PP,15,5,10,1.2,0.6,0.5,-30.61,78.22,108.84,-0.0648,0.0833,0.1482,98.63,0.5333,0.4954,1,Composed Accumulator,#2ecc71
H Masakadza,PP,35,13,22,4.513,0.6154,0.1364,-51.45,77.95,129.41,-0.0756,0.1339,0.2095,110.29,0.3143,0.4954,0,Steady Anchor,#34495e
MJ Lumb,PP,52,6,46,2.706,1.0,0.3696,-24.46,108.54,133.0,-0.0249,0.1874,0.2122,130.17,0.4423,0.4176,3,Explosive Aggressor,#3498db
AT Rayudu,PP,36,8,28,1.167,0.125,0.1071,-42.3,84.14,126.44,-0.0473,0.1428,0.1901,117.04,0.1111,0.4563,1,Composed Accumulator,#2ecc71
C Kieswetter,PP,24,7,17,1.821,0.4286,0.2353,-44.46,80.4,124.86,-0.0851,0.1047,0.1898,111.89,0.2917,0.477,4,Pressure Vulnerable,#e74c3c
SR Taylor,PP,63,22,41,0.932,0.1818,0.1951,-51.06,64.92,115.98,-0.0842,0.0933,0.1775,98.15,0.1905,0.5039,4,Pressure Vulnerable,#e74c3c
MA Agarwal,PP,62,6,56,1.556,0.6667,0.4286,-31.55,92.45,124.0,-0.0213,0.1613,0.1826,120.94,0.4516,0.4072,3,Explosive Aggressor,#3498db
AJ Finch,PP,174,18,156,2.222,0.5556,0.25,-44.11,85.4,129.51,-0.0482,0.1466,0.1947,124.95,0.2816,0.3957,3,Explosive Aggressor,#3498db
EJG Morgan,PP,19,8,11,0.688,0.25,0.3636,-71.66,59.27,130.93,-0.1151,0.1122,0.2273,100.75,0.3158,0.5678,4,Pressure Vulnerable,#e74c3c
AD Hales,PP,98,7,91,3.095,0.7143,0.2308,-48.08,100.44,148.52,-0.0568,0.1859,0.2428,145.08,0.2653,0.3805,3,Explosive Aggressor,#3498db
J Charles,PP,40,13,27,2.967,0.7692,0.2593,-61.49,81.04,142.53,-0.1016,0.1418,0.2434,122.55,0.425,0.4956,4,Pressure Vulnerable,#e74c3c
MS Wade,PP,63,8,55,3.173,0.75,0.2364,-53.81,84.8,138.61,-0.0813,0.1121,0.1934,131.78,0.3016,0.3541,4,Pressure Vulnerable,#e74c3c
D van Niekerk,PP,35,17,18,0.635,0.1765,0.2778,-19.32,74.52,93.84,0.0024,0.1183,0.1159,84.45,0.2286,0.5434,1,Composed Accumulator,#2ecc71
DJ Harris,PP,15,5,10,3.333,1.0,0.3,-29.86,79.56,109.42,0.0005,0.1344,0.1339,99.46,0.5333,0.4647,0,Steady Anchor,#34495e
NJ Maddinson,PP,38,5,33,2.829,0.6,0.2121,-23.68,114.35,138.03,-0.0024,0.2201,0.2225,134.91,0.2632,0.4348,3,Explosive Aggressor,#3498db
UT Khawaja,PP,58,5,53,1.988,0.6,0.3019,-52.33,82.45,134.78,-0.0752,0.1382,0.2134,130.27,0.3276,0.371,3,Explosive Aggressor,#3498db
CA Lynn,PP,96,12,84,1.4,0.4167,0.2976,-56.74,93.26,150.0,-0.0806,0.1679,0.2485,142.91,0.3125,0.4122,4,Pressure Vulnerable,#e74c3c
BR Dunk,PP,43,5,38,1.629,0.6,0.3684,-53.73,81.19,134.91,-0.057,0.135,0.192,128.66,0.3953,0.3934,3,Explosive Aggressor,#3498db
MR Marsh,PP,68,14,54,3.857,0.5714,0.1481,-73.09,78.45,151.54,-0.1048,0.1394,0.2442,136.49,0.2353,0.4282,4,Pressure Vulnerable,#e74c3c
KS Williamson,PP,68,11,57,4.442,0.5455,0.1228,-62.3,57.18,119.47,-0.1039,0.0692,0.1731,109.4,0.1912,0.4373,0,Steady Anchor,#34495e
SJ Taylor,PP,20,6,14,0.778,0.1667,0.2143,-26.31,84.1,110.42,-0.0395,0.1271,0.1667,102.52,0.2,0.4743,1,Composed Accumulator,#2ecc71
SJ Myburgh,PP,24,5,19,3.8,0.8,0.2105,-73.44,66.63,140.07,-0.1181,0.1129,0.2311,124.77,0.3333,0.4485,4,Pressure Vulnerable,#e74c3c
F du Plessis,PP,118,16,102,2.125,0.4375,0.2059,-52.33,91.62,143.95,-0.0833,0.1442,0.2275,136.86,0.2373,0.4037,4,Pressure Vulnerable,#e74c3c
MN Samuels,PP,19,6,13,0.867,0.3333,0.3846,-51.49,71.6,123.08,-0.0786,0.1158,0.1944,106.82,0.3684,0.459,4,Pressure Vulnerable,#e74c3c
AC Jayangani,PP,90,40,50,3.036,0.425,0.14,-58.16,66.7,124.86,-0.1126,0.1065,0.2191,99.01,0.2667,0.5431,4,Pressure Vulnerable,#e74c3c
AJ Healy,PP,72,10,62,1.632,0.5,0.3065,-83.63,47.39,131.01,-0.1576,0.0658,0.2234,119.4,0.3333,0.4452,4,Pressure Vulnerable,#e74c3c
JM Bairstow,PP,52,8,44,1.222,0.25,0.2045,-68.18,81.26,149.44,-0.0993,0.1404,0.2397,138.95,0.2115,0.4028,4,Pressure Vulnerable,#e74c3c
BYA Mendis,PP,16,5,11,1.76,0.8,0.4545,-47.12,71.44,118.56,-0.0957,0.1204,0.2161,103.84,0.5625,0.5287,4,Pressure Vulnerable,#e74c3c
SFM Devine,PP,50,7,43,1.843,0.4286,0.2326,-46.3,77.79,124.1,-0.0629,0.127,0.1899,117.61,0.26,0.4323,4,Pressure Vulnerable,#e74c3c
Nahida Khan,PP,21,11,10,2.424,0.7273,0.3,-31.08,55.03,86.12,-0.0225,0.0782,0.1006,69.84,0.5238,0.5463,1,Composed Accumulator,#2ecc71
HMD Rasangika,PP,23,7,16,4.571,0.5714,0.125,-83.2,42.77,125.96,-0.1805,0.045,0.2255,100.64,0.2609,0.5002,0,Steady Anchor,#34495e
KL Rahul,PP,143,20,123,4.305,0.7,0.1626,-54.78,80.5,135.28,-0.0766,0.1212,0.1977,127.62,0.2378,0.4025,0,Steady Anchor,#34495e
SV Samson,PP,68,8,60,2.045,0.375,0.1833,-57.07,83.92,140.99,-0.0981,0.1315,0.2296,134.27,0.2059,0.4273,4,Pressure Vulnerable,#e74c3c
GJ Maxwell,PP,41,5,36,2.4,0.8,0.3333,-48.91,110.39,159.3,-0.0766,0.1886,0.2652,153.33,0.3902,0.3705,3,Explosive Aggressor,#3498db
Javeria Khan,PP,39,14,25,2.381,0.5714,0.24,-44.36,54.97,99.33,-0.0463,0.0901,0.1364,83.4,0.359,0.5136,1,Composed Accumulator,#2ecc71
CMA Shillington,PP,21,8,13,1.625,0.5,0.3077,-48.08,62.95,111.03,-0.0735,0.0791,0.1526,92.71,0.381,0.5113,1,Composed Accumulator,#2ecc71
Q de Kock,PP,149,17,132,2.353,0.5882,0.25,-63.87,80.81,144.69,-0.0993,0.1262,0.2255,137.4,0.2886,0.4,4,Pressure Vulnerable,#e74c3c
Ayasha Rahman,PP,27,14,13,5.107,0.7857,0.1538,-31.09,52.97,84.06,-0.0428,0.0658,0.1086,67.94,0.4815,0.5662,0,Steady Anchor,#34495e
L Lee,PP,43,16,27,1.898,0.5625,0.2963,-49.63,71.08,120.72,-0.0726,0.1262,0.1989,102.25,0.3953,0.5295,1,Composed Accumulator,#2ecc71
DP Hughes,PP,49,6,43,2.867,0.6667,0.2326,-68.57,54.51,123.08,-0.1314,0.0434,0.1748,114.69,0.2857,0.4222,4,Pressure Vulnerable,#e74c3c
Sidra Ameen,PP,37,10,27,1.35,0.5,0.3704,-42.8,55.0,97.8,-0.0481,0.0788,0.1269,86.23,0.4054,0.4929,1,Composed Accumulator,#2ecc71
Babar Hayat,PP,25,6,19,0.633,0.1667,0.2632,-62.82,75.4,138.21,-0.0941,0.113,0.2071,123.13,0.24,0.4479,4,Pressure Vulnerable,#e74c3c
Sikandar Raza,PP,15,8,7,0.875,0.25,0.2857,-88.25,69.2,157.44,-0.1599,0.1112,0.2712,110.38,0.2667,0.5364,4,Pressure Vulnerable,#e74c3c
TT Beaumont,PP,45,6,39,2.955,0.8333,0.2821,-55.99,54.1,110.09,-0.0868,0.089,0.1757,102.63,0.3556,0.4518,4,Pressure Vulnerable,#e74c3c
S Mandhana,PP,92,17,75,1.681,0.4706,0.28,-66.57,65.53,132.09,-0.1164,0.114,0.2305,119.79,0.3152,0.4523,4,Pressure Vulnerable,#e74c3c
JJ Roy,PP,79,11,68,1.705,0.7273,0.4265,-69.15,70.85,140.0,-0.1269,0.0942,0.2211,130.37,0.4684,0.4155,4,Pressure Vulnerable,#e74c3c
HK Matthews,PP,68,23,45,3.634,0.5652,0.1556,-44.56,72.14,116.7,-0.0738,0.1134,0.1871,101.63,0.2941,0.4921,0,Steady Anchor,#34495e
RR Hendricks,PP,60,10,50,2.5,0.6,0.24,-69.64,63.78,133.42,-0.1179,0.0829,0.2009,121.81,0.3,0.4003,4,Pressure Vulnerable,#e74c3c
SS Iyer,PP,50,8,42,2.625,0.25,0.0952,-38.56,75.88,114.44,-0.0558,0.1153,0.1711,108.27,0.12,0.443,1,Composed Accumulator,#2ecc71
A Balbirnie,PP,46,12,34,1.545,0.5,0.3235,-27.38,88.36,115.74,-0.0137,0.1563,0.17,108.6,0.3696,0.4963,1,Composed Accumulator,#2ecc71
MH Cross,PP,16,5,11,1.467,0.4,0.2727,-90.55,61.94,152.49,-0.1937,0.0799,0.2737,124.2,0.3125,0.4766,4,Pressure Vulnerable,#e74c3c
Soumya Sarkar,PP,34,8,26,1.3,0.5,0.3846,-74.74,57.18,131.92,-0.1376,0.0663,0.204,114.33,0.4118,0.4512,4,Pressure Vulnerable,#e74c3c
HG Munsey,PP,56,10,46,1.353,0.5,0.3696,-69.33,78.57,147.9,-0.1237,0.127,0.2507,135.52,0.3929,0.4154,4,Pressure Vulnerable,#e74c3c
Anshuman Rath,PP,40,7,33,1.179,0.2857,0.2424,-46.17,72.75,118.93,-0.0512,0.1086,0.1599,110.85,0.25,0.3873,3,Explosive Aggressor,#3498db
GH Lewis,PP,62,16,46,1.917,0.375,0.1957,-41.14,79.7,120.84,-0.0741,0.1365,0.2106,110.23,0.2419,0.4927,1,Composed Accumulator,#2ecc71
CR Ervine,PP,28,7,21,1.8,0.4286,0.2381,-47.66,60.18,107.84,-0.073,0.0792,0.1522,95.93,0.2857,0.488,1,Composed Accumulator,#2ecc71
JM Vince,PP,52,6,46,3.833,0.6667,0.1739,-68.69,61.1,129.79,-0.1005,0.0794,0.1798,121.87,0.2308,0.3656,4,Pressure Vulnerable,#e74c3c
Mohammad Rizwan,PP,70,7,63,3.273,0.5714,0.1746,-56.3,65.4,121.7,-0.0677,0.0982,0.1659,116.07,0.2143,0.3993,0,Steady Anchor,#34495e
MP Stoinis,PP,60,9,51,3.542,0.5556,0.1569,-57.41,66.42,123.84,-0.1025,0.0836,0.1861,115.22,0.2167,0.4571,0,Steady Anchor,#34495e
TM Head,PP,59,7,52,2.476,0.8571,0.3462,-86.33,76.47,162.8,-0.1575,0.1244,0.2819,152.55,0.4068,0.3883,2,Pressure Collapser,#9b59b6
SD Heazlett,PP,17,5,12,1.44,0.6,0.4167,-66.51,77.85,144.36,-0.0948,0.1201,0.215,124.8,0.4706,0.4406,4,Pressure Vulnerable,#e74c3c
BL Mooney,PP,77,5,72,2.057,0.4,0.1944,-44.75,62.28,107.03,-0.0314,0.1157,0.147,104.13,0.2078,0.4043,3,Explosive Aggressor,#3498db
Jatinder Singh,PP,38,6,32,2.667,0.6667,0.25,-27.19,94.9,122.09,-0.0258,0.1523,0.1781,117.8,0.3158,0.4072,3,Explosive Aggressor,#3498db
JC Buttler,PP,131,9,122,0.424,0.1111,0.2623,-45.59,101.15,146.74,-0.053,0.1833,0.2362,143.61,0.2519,0.3934,3,Explosive Aggressor,#3498db
SA Yadav,PP,52,8,44,2.75,0.5,0.1818,-65.12,87.23,152.35,-0.1216,0.139,0.2605,142.33,0.2308,0.4272,4,Pressure Vulnerable,#e74c3c
N Rana,PP,24,5,19,5.7,0.6,0.1053,-68.97,78.52,147.49,-0.1081,0.1548,0.2629,133.12,0.2083,0.4546,0,Steady Anchor,#34495e
Babar Azam,PP,81,14,67,2.393,0.5,0.209,-52.68,70.88,123.56,-0.0699,0.1105,0.1804,114.45,0.2593,0.4026,4,Pressure Vulnerable,#e74c3c
J Weatherald,PP,51,8,43,1.414,0.625,0.4419,-66.86,61.22,128.07,-0.1198,0.0748,0.1947,117.59,0.4706,0.4139,4,Pressure Vulnerable,#e74c3c
DJM Short,PP,80,10,70,3.5,0.6,0.1714,-64.1,59.31,123.41,-0.1023,0.0828,0.1851,115.4,0.225,0.4233,4,Pressure Vulnerable,#e74c3c
SP Narine,PP,38,5,33,1.76,0.8,0.4545,-95.08,82.15,177.24,-0.1992,0.1267,0.3259,164.73,0.5,0.3835,2,Pressure Collapser,#9b59b6
BR McDermott,PP,39,5,34,2.04,0.6,0.2941,-56.85,59.52,116.37,-0.0708,0.0784,0.1492,109.08,0.3333,0.4491,4,Pressure Vulnerable,#e74c3c
Ishan Kishan,PP,72,10,62,2.583,0.5,0.1935,-57.92,78.38,136.29,-0.0953,0.1258,0.2211,128.25,0.2361,0.4416,4,Pressure Vulnerable,#e74c3c
Fakhar Zaman,PP,44,5,39,2.836,0.8,0.2821,-75.15,64.22,139.37,-0.142,0.0737,0.2158,130.83,0.3409,0.3775,4,Pressure Vulnerable,#e74c3c
JR Philippe,PP,67,6,61,3.177,0.8333,0.2623,-69.0,59.9,128.9,-0.1166,0.0532,0.1698,122.72,0.3134,0.3773,4,Pressure Vulnerable,#e74c3c
BKG Mendis,PP,46,6,40,3.333,0.6667,0.2,-62.78,74.36,137.14,-0.0811,0.1124,0.1936,128.95,0.2609,0.4006,4,Pressure Vulnerable,#e74c3c
Liton Das,PP,59,8,51,2.25,0.75,0.3333,-61.23,81.21,142.44,-0.0774,0.1362,0.2136,134.14,0.3898,0.3816,4,Pressure Vulnerable,#e74c3c
JI Rodrigues,PP,30,7,23,2.19,0.2857,0.1304,-45.41,57.03,102.44,-0.0585,0.0787,0.1373,91.84,0.1667,0.4677,1,Composed Accumulator,#2ecc71
Shamima Sultana,PP,29,7,22,1.143,0.5714,0.5,-42.08,67.57,109.65,-0.0671,0.1081,0.1752,99.49,0.5172,0.5082,1,Composed Accumulator,#2ecc71
T Brits,PP,51,17,34,2.222,0.5882,0.2647,-29.12,68.69,97.81,-0.0259,0.1042,0.13,88.1,0.3725,0.5063,1,Composed Accumulator,#2ecc71
Muneeba Ali,PP,51,16,35,1.458,0.5,0.3429,-43.36,61.47,104.82,-0.0752,0.0797,0.155,91.22,0.3922,0.4897,1,Composed Accumulator,#2ecc71
N Chaiwai,PP,30,11,19,3.455,0.3636,0.1053,-19.23,50.53,69.77,0.0135,0.0728,0.0593,62.71,0.2,0.545,0,Steady Anchor,#34495e
N Chantam,PP,46,24,22,0.917,0.3333,0.3636,-50.65,50.06,100.7,-0.0875,0.0564,0.1439,74.28,0.3478,0.5862,1,Composed Accumulator,#2ecc71
WA Duraisingam,PP,46,25,21,1.47,0.28,0.1905,-45.77,38.99,84.76,-0.0568,0.0375,0.0943,59.89,0.2391,0.5872,1,Composed Accumulator,#2ecc71
N Boochatham,PP,33,15,18,1.68,0.4667,0.2778,-39.72,56.16,95.88,-0.0742,0.0783,0.1525,77.82,0.3636,0.5512,1,Composed Accumulator,#2ecc71
MP O'Dowd,PP,56,5,51,3.4,0.8,0.2353,-32.41,91.4,123.81,-0.0162,0.1716,0.1878,120.92,0.2857,0.382,0,Steady Anchor,#34495e
L Wolvaardt,PP,43,5,38,1.689,0.4,0.2368,-57.51,63.03,120.54,-0.1028,0.0818,0.1846,113.85,0.2558,0.4348,4,Pressure Vulnerable,#e74c3c
HDJ Siegers,PP,25,5,20,1.333,0.6,0.45,-27.63,90.95,118.58,-0.0264,0.1414,0.1678,113.05,0.48,0.4393,1,Composed Accumulator,#2ecc71
SL Kalis,PP,40,15,25,1.111,0.2667,0.24,-32.98,62.54,95.51,-0.0189,0.0951,0.114,83.15,0.25,0.5003,1,Composed Accumulator,#2ecc71
J Mbabazi,PP,44,19,25,1.151,0.3684,0.32,-35.23,52.61,87.84,-0.0323,0.0666,0.0989,72.63,0.3409,0.5498,1,Composed Accumulator,#2ecc71
SJ Bryce,PP,30,10,20,2.0,0.4,0.2,-46.21,63.74,109.94,-0.0476,0.0981,0.1456,94.54,0.2667,0.4687,1,Composed Accumulator,#2ecc71
B Tau,PP,17,8,9,2.25,0.25,0.1111,-44.05,44.55,88.6,-0.0633,0.048,0.1113,67.87,0.1765,0.5755,1,Composed Accumulator,#2ecc71
ER Oza,PP,75,21,54,1.543,0.4286,0.2778,-54.12,54.84,108.96,-0.0856,0.0717,0.1573,93.81,0.32,0.4918,4,Pressure Vulnerable,#e74c3c
K Awino,PP,25,16,9,0.562,0.25,0.4444,-22.48,44.11,66.58,-0.0177,0.046,0.0637,52.2,0.32,0.6089,1,Composed Accumulator,#2ecc71
KE Bryce,PP,24,11,13,2.364,0.3636,0.1538,-56.0,52.34,108.34,-0.093,0.0645,0.1575,82.67,0.25,0.5338,4,Pressure Vulnerable,#e74c3c
L Mophakedi,PP,32,18,14,4.667,0.3333,0.0714,-42.33,41.21,83.54,-0.0501,0.0425,0.0926,59.73,0.2188,0.5825,0,Steady Anchor,#34495e
A van der Merwe,PP,25,7,18,2.057,0.5714,0.2778,-24.93,58.09,83.02,-0.0202,0.0739,0.094,76.04,0.36,0.4853,1,Composed Accumulator,#2ecc71
Yasmeen Khan,PP,45,17,28,2.471,0.3529,0.1429,-49.26,59.92,109.17,-0.0587,0.0944,0.153,90.56,0.2222,0.51,1,Composed Accumulator,#2ecc71
Chirag Suri,PP,19,5,14,7.0,1.0,0.1429,-56.02,65.45,121.47,-0.0758,0.1111,0.1869,106.72,0.3684,0.4989,0,Steady Anchor,#34495e
Sahibzada Farhan,PP,21,6,15,1.0,0.3333,0.3333,-43.68,92.64,136.32,-0.0717,0.1262,0.198,123.84,0.3333,0.4937,4,Pressure Vulnerable,#e74c3c
M Bryant,PP,29,5,24,2.057,0.6,0.2917,-64.33,76.19,140.52,-0.1105,0.1166,0.2271,129.43,0.3448,0.4029,4,Pressure Vulnerable,#e74c3c
JP Inglis,PP,34,5,29,2.071,1.0,0.4828,-58.62,89.64,148.26,-0.0857,0.1416,0.2273,139.64,0.5588,0.3832,4,Pressure Vulnerable,#e74c3c
M Gilkes,PP,25,5,20,1.143,0.4,0.35,-59.74,74.89,134.64,-0.0824,0.1159,0.1983,122.69,0.36,0.4282,4,Pressure Vulnerable,#e74c3c
KKN Egodage,PP,32,15,17,1.133,0.1333,0.1176,-48.47,50.91,99.38,-0.0758,0.0609,0.1367,76.66,0.125,0.5298,1,Composed Accumulator,#2ecc71
Maryam Omar,PP,16,8,8,0.667,0.25,0.375,-46.73,36.41,83.14,-0.0701,0.0402,0.1102,59.77,0.3125,0.591,1,Composed Accumulator,#2ecc71
Priyada Murali,PP,34,17,17,4.0,0.4706,0.1176,-24.9,47.43,72.33,-0.0397,0.0522,0.0919,59.88,0.2941,0.589,0,Steady Anchor,#34495e
SR Magar,PP,32,14,18,1.929,0.4286,0.2222,-39.86,41.67,81.53,-0.0541,0.0387,0.0927,64.09,0.3125,0.5169,1,Composed Accumulator,#2ecc71
I Barma,PP,20,10,10,2.5,0.5,0.2,-14.99,61.32,76.31,0.0368,0.0588,0.022,68.81,0.35,0.5069,1,Composed Accumulator,#2ecc71
Mas Elysa,PP,18,7,11,0.786,0.1429,0.1818,-32.8,48.13,80.92,-0.029,0.0497,0.0787,68.17,0.1667,0.5301,1,Composed Accumulator,#2ecc71
M Hill,PP,38,13,25,1.923,0.4615,0.24,-41.2,60.23,101.43,-0.0546,0.084,0.1385,87.34,0.3158,0.5106,1,Composed Accumulator,#2ecc71
AK Markram,PP,34,9,25,1.984,0.5556,0.28,-56.18,98.02,154.2,-0.0907,0.1558,0.2465,139.33,0.3529,0.4147,4,Pressure Vulnerable,#e74c3c
KA Green,PP,26,17,9,0.706,0.2353,0.3333,-38.4,60.37,98.77,-0.0092,0.0773,0.0865,73.66,0.2692,0.5372,1,Composed Accumulator,#2ecc71
SA Wittmann,PP,42,23,19,2.065,0.4348,0.2105,-51.64,72.01,123.65,-0.0788,0.1161,0.1949,95.37,0.3333,0.5489,1,Composed Accumulator,#2ecc71
Shubman Gill,PP,95,15,80,4.267,0.5333,0.125,-59.16,81.41,140.57,-0.088,0.1242,0.2123,131.23,0.1895,0.3798,0,Steady Anchor,#34495e
SM Mayers,PP,19,8,11,0.458,0.125,0.2727,-39.11,63.45,102.56,-0.0373,0.0965,0.1338,86.09,0.2105,0.525,1,Composed Accumulator,#2ecc71
V Langiatu,PP,19,11,8,2.909,0.3636,0.125,-41.25,48.24,89.49,-0.0779,0.0597,0.1376,65.61,0.2632,0.5684,0,Steady Anchor,#34495e
Erika Oda,PP,19,5,14,2.8,0.4,0.1429,-49.93,45.44,95.37,-0.0335,0.0883,0.1218,82.23,0.2105,0.4828,0,Steady Anchor,#34495e
R Andrew,PP,17,6,11,3.667,0.3333,0.0909,-57.77,49.13,106.9,-0.0758,0.0648,0.1406,86.51,0.1765,0.5155,0,Steady Anchor,#34495e
FO Kibasu,PP,28,12,16,0.444,0.0833,0.1875,-36.48,62.83,99.31,-0.0218,0.094,0.1158,83.68,0.1429,0.4959,1,Composed Accumulator,#2ecc71
MD Bimenyimana,PP,33,22,11,2.0,0.3636,0.1818,-26.17,53.78,79.94,-0.0183,0.0768,0.0951,62.5,0.303,0.5949,1,Composed Accumulator,#2ecc71
K Motlanka,PP,29,7,22,3.143,0.5714,0.1818,-52.41,60.72,113.13,-0.057,0.0958,0.1528,100.48,0.2759,0.4287,0,Steady Anchor,#34495e
Walid Ghauri,PP,16,6,10,1.667,0.5,0.3,-44.62,53.62,98.23,-0.043,0.0771,0.1201,81.5,0.375,0.5144,1,Composed Accumulator,#2ecc71
I Nakisuuyi,PP,27,19,8,1.053,0.2632,0.25,-26.83,47.81,74.64,-0.005,0.0513,0.0563,55.76,0.2593,0.6085,1,Composed Accumulator,#2ecc71
Syed Aziz,PP,48,9,39,1.806,0.5556,0.3077,-53.58,86.02,139.61,-0.093,0.1297,0.2227,129.56,0.3542,0.4259,4,Pressure Vulnerable,#e74c3c
JE Ronalds,PP,15,7,8,4.571,0.5714,0.125,-38.69,34.75,73.43,-0.0204,0.0206,0.0409,55.38,0.3333,0.5295,0,Steady Anchor,#34495e
Virandeep Singh,PP,53,7,46,2.19,0.2857,0.1304,-62.73,59.54,122.27,-0.1047,0.0743,0.179,113.99,0.1509,0.4328,4,Pressure Vulnerable,#e74c3c
N Pooran,PP,25,6,19,0.905,0.3333,0.3684,-105.28,69.26,174.54,-0.1946,0.1018,0.2964,149.27,0.36,0.4603,2,Pressure Collapser,#9b59b6
B de Leede,PP,32,12,20,2.083,0.4167,0.2,-48.56,48.95,97.51,-0.0701,0.0684,0.1385,79.3,0.2812,0.5094,1,Composed Accumulator,#2ecc71
N Koncharoenkai,PP,52,25,27,0.9,0.2,0.2222,-43.8,54.25,98.05,-0.0596,0.0656,0.1253,76.99,0.2115,0.5536,1,Composed Accumulator,#2ecc71
TS Fray,PP,20,5,15,4.0,0.8,0.2,-42.59,50.09,92.68,-0.0647,0.04,0.1047,82.03,0.35,0.4787,0,Steady Anchor,#34495e
Wan Julia,PP,34,9,25,3.333,0.6667,0.2,-35.64,46.63,82.27,-0.0703,0.0204,0.0906,72.84,0.3235,0.5076,0,Steady Anchor,#34495e
N Vare,PP,24,15,9,0.36,0.2,0.5556,-33.17,50.01,83.18,-0.0346,0.0725,0.1071,62.45,0.3333,0.6131,1,Composed Accumulator,#2ecc71
Murshida Khatun,PP,33,11,22,2.0,0.4545,0.2273,-18.19,65.85,84.04,-0.0116,0.0914,0.103,77.97,0.303,0.5067,1,Composed Accumulator,#2ecc71
Nazmul Hossain Shanto,PP,21,6,15,0.833,0.3333,0.4,-35.8,62.5,98.3,-0.0701,0.0667,0.1368,88.07,0.381,0.483,1,Composed Accumulator,#2ecc71
Shafali Verma,PP,64,8,56,3.0,0.75,0.25,-53.43,88.52,141.96,-0.1142,0.1344,0.2486,135.28,0.3125,0.4212,4,Pressure Vulnerable,#e74c3c
D Ajekun,PP,18,8,10,1.25,0.25,0.2,-43.13,55.5,98.63,-0.018,0.0842,0.1022,79.46,0.2222,0.5171,1,Composed Accumulator,#2ecc71
Sulaimon Runsewe,PP,44,10,34,1.36,0.4,0.2941,-52.74,59.42,112.16,-0.0961,0.0568,0.153,100.18,0.3182,0.4504,4,Pressure Vulnerable,#e74c3c
Mohammad Naim,PP,24,5,19,0.76,0.2,0.2632,-13.05,90.16,103.21,-0.0097,0.1261,0.1358,100.49,0.25,0.4639,1,Composed Accumulator,#2ecc71
BA King,PP,39,6,33,1.375,0.3333,0.2424,-45.11,99.38,144.49,-0.0701,0.1739,0.244,137.55,0.2564,0.4245,3,Explosive Aggressor,#3498db
H Madavi,PP,29,12,17,1.417,0.1667,0.1176,-12.36,79.71,92.07,0.0159,0.1214,0.1055,86.95,0.1379,0.5077,1,Composed Accumulator,#2ecc71
RD Gaikwad,PP,64,6,58,2.636,0.5,0.1897,-40.4,89.77,130.17,-0.0341,0.1551,0.1892,126.39,0.2188,0.3918,3,Explosive Aggressor,#3498db
DP Conway,PP,50,5,45,2.571,0.4,0.1556,-35.09,86.67,121.76,-0.0586,0.1236,0.1822,118.25,0.18,0.3837,3,Explosive Aggressor,#3498db
RG Mukasa,PP,23,6,17,1.417,0.5,0.3529,-57.27,72.47,129.74,-0.0982,0.1062,0.2044,114.8,0.3913,0.4519,4,Pressure Vulnerable,#e74c3c
Aasif Sheikh,PP,45,7,38,1.81,0.4286,0.2368,-41.84,88.47,130.32,-0.0461,0.1523,0.1984,123.81,0.2667,0.4314,3,Explosive Aggressor,#3498db
K Bhurtel,PP,41,6,35,0.897,0.3333,0.3714,-55.18,79.87,135.04,-0.0777,0.1356,0.2134,126.97,0.3659,0.4577,4,Pressure Vulnerable,#e74c3c
Q Abel,PP,27,8,19,2.375,0.5,0.2105,-24.67,73.78,98.45,-0.0218,0.1149,0.1366,91.14,0.2963,0.4881,1,Composed Accumulator,#2ecc71
T Marumani,PP,33,6,27,2.813,0.8333,0.2963,-54.35,75.82,130.17,-0.0778,0.1271,0.205,120.29,0.3939,0.4265,4,Pressure Vulnerable,#e74c3c
D Ndikubwimana,PP,43,18,25,3.819,0.6111,0.16,-53.42,50.28,103.71,-0.0648,0.0707,0.1355,81.34,0.3488,0.5348,0,Steady Anchor,#34495e
E Dusingizimana,PP,30,8,22,1.719,0.625,0.3636,-43.99,80.38,124.37,-0.0539,0.1252,0.1791,112.64,0.4333,0.4709,1,Composed Accumulator,#2ecc71
O Tuyisenge,PP,25,7,18,0.735,0.2857,0.3889,-60.65,63.68,124.33,-0.0669,0.1143,0.1812,107.35,0.36,0.4818,4,Pressure Vulnerable,#e74c3c
L Bruce,PP,25,6,19,2.533,0.6667,0.2632,-38.73,55.72,94.45,-0.0567,0.0681,0.1248,85.16,0.36,0.4589,1,Composed Accumulator,#2ecc71
S Mtae,PP,28,5,23,1.15,0.4,0.3478,-39.64,60.26,99.9,-0.0686,0.0634,0.132,92.82,0.3571,0.4132,1,Composed Accumulator,#2ecc71
S Sesazi,PP,47,13,34,1.495,0.3077,0.2059,-47.62,79.03,126.65,-0.0669,0.1347,0.2016,113.48,0.234,0.4621,4,Pressure Vulnerable,#e74c3c
MLN Sissako,PP,15,9,6,2.667,0.4444,0.1667,-23.86,35.06,58.92,-0.0047,0.0435,0.0482,44.6,0.3333,0.6285,1,Composed Accumulator,#2ecc71
RN Patel,PP,23,5,18,1.8,0.6,0.3333,-22.66,92.46,115.12,-0.0063,0.1566,0.1628,110.2,0.3913,0.4673,1,Composed Accumulator,#2ecc71
VR Iyer,PP,24,5,19,1.9,0.6,0.3158,-92.71,51.3,144.01,-0.1825,0.0496,0.2322,124.7,0.375,0.4499,4,Pressure Vulnerable,#e74c3c
Abhishek Sharma,PP,59,6,53,2.208,0.8333,0.3774,-95.55,83.59,179.14,-0.1576,0.1448,0.3025,169.43,0.4237,0.358,2,Pressure Collapser,#9b59b6
Waseem Muhammad,PP,54,7,47,3.357,0.7143,0.2128,-76.89,68.3,145.19,-0.1336,0.0962,0.2298,135.23,0.2778,0.4116,4,Pressure Vulnerable,#e74c3c
SK Awiah,PP,15,9,6,4.0,0.6667,0.1667,-36.67,47.74,84.41,-0.0468,0.0549,0.1017,62.41,0.4667,0.5816,0,Steady Anchor,#34495e
D Kansonkho,PP,18,7,11,3.143,0.5714,0.1818,-32.31,67.19,99.5,-0.0212,0.1064,0.1276,86.93,0.3333,0.5191,0,Steady Anchor,#34495e
KH Prajapati,PP,27,11,16,2.424,0.9091,0.375,-32.29,83.21,115.5,-0.0127,0.1493,0.162,102.35,0.5926,0.499,1,Composed Accumulator,#2ecc71
Azyan Farhath,PP,24,9,15,3.333,0.4444,0.1333,-33.17,49.3,82.47,-0.0299,0.0594,0.0892,70.03,0.25,0.5192,0,Steady Anchor,#34495e
II Selemani,PP,31,5,26,0.945,0.4,0.4231,-64.91,95.65,160.56,-0.1318,0.1541,0.2859,150.09,0.4194,0.4362,4,Pressure Vulnerable,#e74c3c
AR Patwa,PP,36,11,25,1.515,0.3636,0.24,-45.98,85.49,131.46,-0.0759,0.1443,0.2201,117.41,0.2778,0.4609,4,Pressure Vulnerable,#e74c3c
M Taylor,PP,20,9,11,1.833,0.6667,0.3636,-45.0,43.49,88.48,-0.0985,0.0442,0.1426,68.23,0.5,0.5765,1,Composed Accumulator,#2ecc71
Theertha Satish,PP,45,10,35,5.25,0.3,0.0571,-34.89,74.2,109.09,-0.032,0.1216,0.1536,101.34,0.1111,0.4602,0,Steady Anchor,#34495e
N Choden,PP,21,8,13,0.271,0.125,0.4615,-22.86,39.07,61.93,-0.0187,0.0337,0.0523,53.22,0.3333,0.5569,1,Composed Accumulator,#2ecc71
NT Miles,PP,34,10,24,3.6,0.3,0.0833,-29.12,54.18,83.31,-0.0299,0.0588,0.0887,74.74,0.1471,0.4932,0,Steady Anchor,#34495e
Zeefa Jilani,PP,23,14,9,1.929,0.4286,0.2222,-44.39,56.07,100.46,-0.0487,0.0873,0.136,73.44,0.3478,0.5777,1,Composed Accumulator,#2ecc71
KY Chan,PP,18,6,12,4.0,0.3333,0.0833,-54.42,38.59,93.02,-0.0783,0.0411,0.1194,74.88,0.1667,0.4845,0,Steady Anchor,#34495e
Shanzeen Shahzad,PP,23,14,9,1.929,0.4286,0.2222,-31.9,50.46,82.35,-0.0341,0.0593,0.0934,62.94,0.3478,0.5867,1,Composed Accumulator,#2ecc71
RMVD Gunaratne,PP,27,13,14,2.154,0.4615,0.2143,-28.06,60.69,88.75,-0.0501,0.0833,0.1334,75.24,0.3333,0.5413,1,Composed Accumulator,#2ecc71
Ainna Hamizah Hashim,PP,18,11,7,1.591,0.4545,0.2857,-40.95,41.44,82.38,-0.0328,0.0612,0.0941,57.36,0.3889,0.6185,1,Composed Accumulator,#2ecc71
KR Mayers,PP,29,6,23,3.194,0.8333,0.2609,-51.26,81.63,132.89,-0.0914,0.1247,0.216,122.28,0.3793,0.4751,4,Pressure Vulnerable,#e74c3c
TI Gajanayake,PP,23,10,13,3.25,0.5,0.1538,-40.07,33.61,73.68,-0.0733,0.03,0.1033,56.26,0.3043,0.5687,0,Steady Anchor,#34495e
K Ndlovu,PP,31,8,23,1.725,0.375,0.2174,-28.34,69.27,97.61,-0.0161,0.1168,0.1329,90.3,0.2581,0.4965,1,Composed Accumulator,#2ecc71
NJ Pius,PP,18,11,7,1.273,0.1818,0.1429,-29.15,56.56,85.71,-0.0301,0.0777,0.1077,67.9,0.1667,0.5983,1,Composed Accumulator,#2ecc71
A Dizija,PP,21,8,13,3.25,1.0,0.3077,-56.32,41.59,97.91,-0.0938,0.0296,0.1234,76.45,0.5714,0.505,0,Steady Anchor,#34495e
Tenjin Rabgey,PP,19,5,14,2.8,0.6,0.2143,-31.55,61.86,93.42,-0.0331,0.0855,0.1186,85.11,0.3158,0.5038,1,Composed Accumulator,#2ecc71
S Singh,PP,16,7,9,2.571,0.2857,0.1111,-73.95,58.52,132.46,-0.1719,0.0553,0.2272,100.11,0.1875,0.4891,4,Pressure Vulnerable,#e74c3c
GA Priandana,PP,35,8,27,1.875,0.625,0.3333,-67.44,44.8,112.25,-0.1139,0.0484,0.1623,96.83,0.4,0.4508,4,Pressure Vulnerable,#e74c3c
A Johnson,PP,19,5,14,3.733,0.8,0.2143,-73.97,77.9,151.86,-0.125,0.1385,0.2635,132.4,0.3684,0.4858,4,Pressure Vulnerable,#e74c3c
J Brown,PP,30,8,22,1.925,0.875,0.4545,-59.84,90.8,150.64,-0.0936,0.1475,0.2411,134.68,0.5667,0.476,4,Pressure Vulnerable,#e74c3c
E Iloku,PP,30,18,12,2.667,0.4444,0.1667,-43.03,44.72,87.75,-0.0709,0.0409,0.1118,61.93,0.3333,0.5731,1,Composed Accumulator,#2ecc71
P Kurup,PP,34,7,27,3.857,0.7143,0.1852,-78.12,47.69,125.81,-0.1472,0.0498,0.1971,109.72,0.2941,0.4429,4,Pressure Vulnerable,#e74c3c
S Mostary,PP,15,6,9,1.5,0.3333,0.2222,-51.79,49.93,101.72,-0.0834,0.0823,0.1656,81.0,0.2667,0.5377,1,Composed Accumulator,#2ecc71
R Obuya,PP,15,6,9,1.0,0.3333,0.3333,-53.84,70.58,124.42,-0.0821,0.113,0.1951,102.89,0.3333,0.5375,4,Pressure Vulnerable,#e74c3c
KK Lin Thu,PP,15,10,5,3.0,0.6,0.2,-47.14,41.29,88.42,-0.0418,0.0439,0.0857,57.0,0.4667,0.5486,0,Steady Anchor,#34495e
O Manishimwe,PP,26,8,18,1.286,0.5,0.3889,-42.32,52.98,95.3,-0.0727,0.0818,0.1544,82.28,0.4231,0.553,1,Composed Accumulator,#2ecc71
Anjar Tadarus,PP,18,8,10,3.125,0.625,0.2,-42.87,42.96,85.83,-0.0834,0.0565,0.14,66.78,0.3889,0.5785,0,Steady Anchor,#34495e
M Uwase,PP,17,11,6,0.409,0.2727,0.6667,-30.69,55.04,85.73,-0.0286,0.0749,0.1035,65.87,0.4118,0.6053,1,Composed Accumulator,#2ecc71
KD Kesuma,PP,34,11,23,1.464,0.6364,0.4348,-52.54,65.11,117.65,-0.0852,0.1016,0.1869,100.66,0.5,0.4714,4,Pressure Vulnerable,#e74c3c
Saim Ayub,PP,25,7,18,1.714,0.5714,0.3333,-52.06,86.88,138.94,-0.1203,0.1181,0.2383,124.37,0.4,0.4595,4,Pressure Vulnerable,#e74c3c
C Chatphaisan,PP,23,5,18,1.35,0.6,0.4444,-11.49,94.95,106.43,0.0031,0.1479,0.1448,103.94,0.4783,0.468,1,Composed Accumulator,#2ecc71
MB Kruger,PP,18,7,11,0.224,0.1429,0.6364,-73.19,56.49,129.68,-0.1276,0.0802,0.2078,101.22,0.4444,0.5042,4,Pressure Vulnerable,#e74c3c
Karanbir Singh,PP,28,9,19,0.704,0.2222,0.3158,-74.56,77.51,152.07,-0.1232,0.1472,0.2704,128.1,0.2857,0.4813,4,Pressure Vulnerable,#e74c3c
P Molkenboer,PP,17,6,11,1.833,0.5,0.2727,-38.35,58.57,96.92,-0.0538,0.0871,0.141,83.39,0.3529,0.5207,1,Composed Accumulator,#2ecc71
Selim Salau,PP,26,7,19,0.543,0.1429,0.2632,-36.59,76.78,113.37,-0.0159,0.1263,0.1422,103.52,0.2308,0.4401,1,Composed Accumulator,#2ecc71
J Baker,PP,17,5,12,1.2,0.4,0.3333,-58.65,83.91,142.57,-0.1252,0.1206,0.2458,125.32,0.3529,0.4968,4,Pressure Vulnerable,#e74c3c
KP Pietersen,MO,63,5,58,1.406,0.8,0.569,-59.33,77.67,137.01,-0.0716,0.084,0.1556,132.3,0.5873,0.2828,3,Explosive Aggressor,#3498db
JH Kallis,MO,63,6,57,1.696,0.8333,0.4912,-18.9,86.54,105.44,-0.0026,0.0855,0.0881,103.64,0.5238,0.2994,3,Explosive Aggressor,#3498db
KC Sangakkara,MO,77,11,66,1.143,0.7273,0.6364,-51.65,72.14,123.79,-0.0646,0.0677,0.1323,116.41,0.6494,0.2944,3,Explosive Aggressor,#3498db
Mohammad Hafeez,MO,45,6,39,1.083,0.6667,0.6154,-68.82,64.61,133.43,-0.0988,0.0568,0.1556,124.25,0.6222,0.3196,4,Pressure Vulnerable,#e74c3c
JA Morkel,MO,21,6,15,2.5,0.6667,0.2667,-56.13,78.92,135.05,-0.0808,0.0728,0.1536,119.01,0.381,0.3672,4,Pressure Vulnerable,#e74c3c
KD Karthik,MO,115,14,101,1.804,0.6429,0.3564,-51.21,78.54,129.75,-0.0678,0.0871,0.1549,123.52,0.3913,0.2921,3,Explosive Aggressor,#3498db
LRPL Taylor,MO,73,7,66,0.754,0.2857,0.3788,-30.55,86.11,116.66,-0.0161,0.088,0.1041,113.73,0.3699,0.2917,3,Explosive Aggressor,#3498db
TM Dilshan,MO,47,6,41,2.135,0.8333,0.3902,-51.92,58.53,110.45,-0.0747,0.0431,0.1178,103.82,0.4468,0.3291,3,Explosive Aggressor,#3498db
MN Samuels,MO,38,13,25,1.224,0.5385,0.44,-37.38,86.96,124.34,-0.041,0.103,0.144,111.55,0.4737,0.3938,3,Explosive Aggressor,#3498db
CH Gayle,MO,86,6,80,1.185,0.6667,0.5625,-50.59,98.58,149.18,-0.0486,0.1417,0.1903,145.65,0.5698,0.3025,3,Explosive Aggressor,#3498db
Mahmudullah,MO,62,17,45,0.827,0.2941,0.3556,-44.86,73.7,118.55,-0.049,0.0684,0.1174,106.25,0.3387,0.3411,3,Explosive Aggressor,#3498db
CO Obuya,MO,27,7,20,1.905,0.8571,0.45,-51.33,72.08,123.41,-0.0779,0.046,0.1238,110.11,0.5556,0.3442,3,Explosive Aggressor,#3498db
Shoaib Malik,MO,60,9,51,2.088,0.7778,0.3725,-52.49,71.79,124.27,-0.0752,0.0473,0.1225,116.4,0.4333,0.2933,3,Explosive Aggressor,#3498db
BJ Hodge,MO,61,8,53,1.44,0.625,0.434,-60.89,62.69,123.58,-0.0963,0.0384,0.1347,115.59,0.459,0.3233,4,Pressure Vulnerable,#e74c3c
BRM Taylor,MO,20,5,15,1.8,0.6,0.3333,-59.41,70.12,129.53,-0.0879,0.0539,0.1418,114.68,0.4,0.3176,4,Pressure Vulnerable,#e74c3c
MEK Hussey,MO,57,6,51,1.159,0.5,0.4314,-62.73,68.92,131.65,-0.0677,0.0626,0.1303,125.04,0.4386,0.2655,3,Explosive Aggressor,#3498db
IK Pathan,MO,31,7,24,1.247,0.5714,0.4583,-37.4,62.42,99.82,-0.0328,0.0428,0.0757,91.37,0.4839,0.3629,1,Composed Accumulator,#2ecc71
MS Dhoni,MO,142,39,103,2.054,0.359,0.1748,-43.79,68.96,112.75,-0.0349,0.0613,0.0961,100.73,0.2254,0.347,3,Explosive Aggressor,#3498db
RV Uthappa,MO,92,11,81,1.052,0.6364,0.6049,-55.05,80.31,135.36,-0.0594,0.0994,0.1588,128.78,0.6087,0.3027,3,Explosive Aggressor,#3498db
DPMD Jayawardene,MO,62,7,55,2.245,0.8571,0.3818,-40.21,77.06,117.27,-0.0428,0.0818,0.1246,112.73,0.4355,0.3124,3,Explosive Aggressor,#3498db
G Gambhir,MO,70,7,63,2.333,1.0,0.4286,-42.68,80.55,123.23,-0.04,0.0834,0.1234,118.96,0.4857,0.2415,3,Explosive Aggressor,#3498db
Shakib Al Hasan,MO,76,9,67,1.628,0.7778,0.4776,-55.9,66.48,122.38,-0.0747,0.0566,0.1313,115.76,0.5132,0.3098,3,Explosive Aggressor,#3498db
RG Sharma,MO,167,17,150,1.74,0.8235,0.4733,-53.95,77.73,131.68,-0.0657,0.082,0.1477,126.19,0.509,0.292,3,Explosive Aggressor,#3498db
Yuvraj Singh,MO,110,33,77,1.604,0.6667,0.4156,-57.61,83.05,140.66,-0.0894,0.0918,0.1812,123.38,0.4909,0.377,4,Pressure Vulnerable,#e74c3c
AB de Villiers,MO,126,6,120,1.176,0.5,0.425,-47.69,91.54,139.23,-0.0533,0.0963,0.1496,136.96,0.4286,0.2508,3,Explosive Aggressor,#3498db
D Ramdin,MO,16,5,11,1.65,0.6,0.3636,-64.19,65.15,129.35,-0.0835,0.0608,0.1443,109.29,0.4375,0.3432,4,Pressure Vulnerable,#e74c3c
DJ Bravo,MO,80,18,62,0.804,0.3889,0.4839,-35.84,76.92,112.76,-0.0395,0.0672,0.1067,104.69,0.4625,0.3581,3,Explosive Aggressor,#3498db
RA Jadeja,MO,76,15,61,1.83,0.6,0.3279,-42.09,73.82,115.9,-0.0549,0.0585,0.1134,107.6,0.3816,0.3169,3,Explosive Aggressor,#3498db
S Dhawan,MO,118,9,109,1.367,0.7778,0.5688,-38.09,88.37,126.46,-0.0235,0.1137,0.1372,123.55,0.5847,0.2597,3,Explosive Aggressor,#3498db
SK Raina,MO,146,10,136,1.912,0.9,0.4706,-38.41,92.62,131.03,-0.0191,0.1257,0.1448,128.4,0.5,0.2567,3,Explosive Aggressor,#3498db
DJ Hussey,MO,78,11,67,1.523,0.7273,0.4776,-41.62,79.66,121.28,-0.0282,0.0887,0.1169,115.41,0.5128,0.3139,3,Explosive Aggressor,#3498db
SC Ganguly,MO,29,7,22,1.209,0.7143,0.5909,-50.66,58.66,109.32,-0.0565,0.0618,0.1183,97.09,0.6207,0.3869,3,Explosive Aggressor,#3498db
V Kohli,MO,213,16,197,2.148,0.9375,0.4365,-48.25,78.98,127.23,-0.0462,0.0809,0.1271,123.6,0.4742,0.2561,3,Explosive Aggressor,#3498db
SR Watson,MO,94,14,80,1.633,0.8571,0.525,-60.58,103.1,163.68,-0.092,0.1316,0.2236,154.66,0.5745,0.2987,2,Pressure Collapser,#9b59b6
YK Pathan,MO,64,11,53,1.676,0.7273,0.434,-46.9,97.27,144.17,-0.0585,0.1242,0.1827,136.11,0.4844,0.3289,3,Explosive Aggressor,#3498db
SS Tiwary,MO,39,6,33,0.579,0.3333,0.5758,-35.82,78.79,114.61,-0.0235,0.0838,0.1074,109.1,0.5385,0.3225,3,Explosive Aggressor,#3498db
SE Marsh,MO,89,7,82,1.745,1.0,0.5732,-44.57,99.75,144.32,-0.0254,0.1429,0.1683,140.81,0.6067,0.2571,3,Explosive Aggressor,#3498db
WP Saha,MO,46,9,37,1.799,0.7778,0.4324,-45.61,73.86,119.47,-0.0512,0.0567,0.1078,110.54,0.5,0.2962,3,Explosive Aggressor,#3498db
CL White,MO,76,12,64,1.58,0.6667,0.4219,-41.0,87.79,128.79,-0.0471,0.0871,0.1342,122.32,0.4605,0.3086,3,Explosive Aggressor,#3498db
Y Venugopal Rao,MO,23,8,15,0.804,0.375,0.4667,-17.94,101.97,119.9,-0.0183,0.1159,0.1342,113.66,0.4348,0.3455,3,Explosive Aggressor,#3498db
DR Smith,MO,36,6,30,1.429,1.0,0.7,-41.41,114.7,156.11,-0.0329,0.1785,0.2114,149.2,0.75,0.3306,3,Explosive Aggressor,#3498db
KA Pollard,MO,99,22,77,1.086,0.4091,0.3766,-52.29,78.85,131.13,-0.0731,0.0868,0.1598,119.52,0.3838,0.339,3,Explosive Aggressor,#3498db
DA Warner,MO,138,10,128,1.719,0.9,0.5234,-53.35,86.43,139.77,-0.0613,0.0954,0.1567,135.91,0.5507,0.2615,3,Explosive Aggressor,#3498db
JP Duminy,MO,80,9,71,2.906,0.7778,0.2676,-39.95,73.69,113.64,-0.0348,0.0594,0.0942,109.14,0.325,0.2803,3,Explosive Aggressor,#3498db
LMP Simmons,MO,44,12,32,1.27,0.8333,0.6562,-66.08,74.5,140.57,-0.1085,0.0702,0.1787,122.55,0.7045,0.3568,4,Pressure Vulnerable,#e74c3c
MC Henriques,MO,120,8,112,1.094,0.625,0.5714,-52.72,76.51,129.23,-0.0658,0.0633,0.1291,125.71,0.575,0.2761,3,Explosive Aggressor,#3498db
AD Mathews,MO,50,6,44,3.143,1.0,0.3182,-41.31,69.82,111.13,-0.028,0.0647,0.0927,106.17,0.4,0.3207,3,Explosive Aggressor,#3498db
GJ Bailey,MO,55,8,47,1.13,0.625,0.5532,-51.05,77.15,128.2,-0.0586,0.0609,0.1196,120.77,0.5636,0.2768,3,Explosive Aggressor,#3498db
MK Pandey,MO,97,11,86,1.69,0.7273,0.4302,-38.92,82.84,121.75,-0.0232,0.0921,0.1154,117.34,0.4639,0.277,3,Explosive Aggressor,#3498db
GC Wilson,MO,24,7,17,1.079,0.5714,0.5294,-21.93,83.55,105.48,-0.0211,0.0761,0.0972,99.08,0.5417,0.3717,1,Composed Accumulator,#2ecc71
AE Satterthwaite,MO,33,5,28,1.05,0.6,0.5714,-61.58,52.95,114.53,-0.0905,0.0412,0.1317,105.2,0.5758,0.343,4,Pressure Vulnerable,#e74c3c
CN Nation,MO,20,12,8,0.8,0.5,0.625,-29.22,68.83,98.05,-0.039,0.0639,0.1029,80.52,0.55,0.4886,1,Composed Accumulator,#2ecc71
DJS Dottin,MO,37,13,24,1.846,0.6923,0.375,-36.99,102.58,139.58,-0.0345,0.1279,0.1624,126.58,0.4865,0.3846,3,Explosive Aggressor,#3498db
EJG Morgan,MO,100,15,85,1.619,0.6667,0.4118,-43.62,83.33,126.95,-0.0558,0.091,0.1468,120.4,0.45,0.3203,3,Explosive Aggressor,#3498db
AT Rayudu,MO,96,9,87,1.841,0.8889,0.4828,-62.68,63.11,125.78,-0.091,0.048,0.139,119.91,0.5208,0.2999,4,Pressure Vulnerable,#e74c3c
R Ashwin,MO,18,5,13,0.371,0.2,0.5385,-66.98,56.73,123.71,-0.1151,0.0167,0.1318,105.1,0.4444,0.3303,4,Pressure Vulnerable,#e74c3c
AJ Finch,MO,119,9,110,1.45,0.7778,0.5364,-29.49,104.64,134.13,-0.0186,0.133,0.1516,131.9,0.5546,0.284,3,Explosive Aggressor,#3498db
MR Marsh,MO,90,6,84,1.333,0.6667,0.5,-57.21,76.13,133.34,-0.0903,0.0614,0.1517,129.53,0.5111,0.2882,3,Explosive Aggressor,#3498db
H Kaur,MO,84,17,67,1.232,0.5882,0.4776,-33.96,80.44,114.4,-0.0289,0.0968,0.1256,107.53,0.5,0.3431,3,Explosive Aggressor,#3498db
SFM Devine,MO,45,8,37,1.285,0.625,0.4865,-58.02,65.12,123.15,-0.0627,0.07,0.1327,112.83,0.5111,0.3147,3,Explosive Aggressor,#3498db
SR Taylor,MO,55,11,44,2.25,0.8182,0.3636,-38.71,77.19,115.89,-0.0444,0.0791,0.1235,108.15,0.4545,0.3285,3,Explosive Aggressor,#3498db
DA Miller,MO,136,14,122,1.508,0.6429,0.4262,-47.16,80.67,127.83,-0.0515,0.0841,0.1356,122.97,0.4485,0.2868,3,Explosive Aggressor,#3498db
SPD Smith,MO,102,5,97,2.205,1.0,0.4536,-54.0,65.0,119.0,-0.0838,0.0294,0.1132,116.35,0.4804,0.261,3,Explosive Aggressor,#3498db
STR Binny,MO,25,6,19,1.979,0.8333,0.4211,-65.67,66.72,132.39,-0.098,0.0593,0.1573,116.63,0.52,0.3606,4,Pressure Vulnerable,#e74c3c
MS Wade,MO,58,7,51,0.971,0.5714,0.5882,-61.49,75.43,136.92,-0.0937,0.0524,0.1462,129.5,0.5862,0.2732,3,Explosive Aggressor,#3498db
AD Hales,MO,51,5,46,1.415,0.8,0.5652,-65.68,74.87,140.55,-0.0954,0.061,0.1564,134.11,0.5882,0.2622,2,Pressure Collapser,#9b59b6
J Charles,MO,18,5,13,1.182,1.0,0.8462,-58.95,87.42,146.37,-0.0983,0.0778,0.1761,130.0,0.8889,0.3444,4,Pressure Vulnerable,#e74c3c
JC Buttler,MO,122,9,113,1.658,0.7778,0.469,-55.01,92.64,147.64,-0.0837,0.0943,0.178,143.58,0.4918,0.2651,3,Explosive Aggressor,#3498db
AD Russell,MO,71,21,50,1.378,0.5238,0.38,-45.33,125.48,170.8,-0.0564,0.1939,0.2503,157.4,0.4225,0.3788,3,Explosive Aggressor,#3498db
D van Niekerk,MO,31,7,24,0.571,0.2857,0.5,-45.0,59.21,104.22,-0.0675,0.0408,0.1083,94.06,0.4516,0.3771,3,Explosive Aggressor,#3498db
NJ Maddinson,MO,41,9,32,1.31,0.7778,0.5938,-43.78,89.08,132.86,-0.0174,0.1193,0.1366,123.25,0.6341,0.332,3,Explosive Aggressor,#3498db
GJ Maxwell,MO,175,14,161,1.332,0.7857,0.5901,-62.88,89.82,152.69,-0.0859,0.1099,0.1958,147.66,0.6057,0.2676,2,Pressure Collapser,#9b59b6
JW Wells,MO,77,13,64,2.462,0.8462,0.3438,-32.87,81.3,114.16,0.004,0.0927,0.0887,108.62,0.4286,0.2926,3,Explosive Aggressor,#3498db
TLW Cooper,MO,51,9,42,1.42,0.7778,0.5476,-45.96,79.19,125.15,-0.0683,0.0688,0.1371,117.04,0.5882,0.3357,3,Explosive Aggressor,#3498db
UT Khawaja,MO,34,6,28,1.647,1.0,0.6071,-58.97,67.27,126.24,-0.0723,0.053,0.1253,115.84,0.6765,0.2952,3,Explosive Aggressor,#3498db
KS Williamson,MO,89,6,83,1.383,0.6667,0.4819,-39.92,88.17,128.09,-0.0233,0.1052,0.1285,125.4,0.4944,0.2688,3,Explosive Aggressor,#3498db
SW Bates,MO,53,6,47,1.119,0.6667,0.5957,-34.66,82.65,117.32,-0.0328,0.0822,0.115,113.4,0.6038,0.2763,3,Explosive Aggressor,#3498db
RR Patel,MO,40,13,27,1.212,0.5385,0.4444,-50.35,91.34,141.69,-0.0737,0.1078,0.1815,125.33,0.475,0.3704,3,Explosive Aggressor,#3498db
JM Bairstow,MO,48,6,42,2.0,1.0,0.5,-56.48,88.5,144.97,-0.0796,0.0987,0.1783,137.91,0.5625,0.2993,3,Explosive Aggressor,#3498db
NR Kumar,MO,16,5,11,1.467,0.8,0.5455,-53.81,78.12,131.94,-0.0431,0.0651,0.1082,115.12,0.625,0.3115,3,Explosive Aggressor,#3498db
Javeria Khan,MO,24,5,19,1.9,0.8,0.4211,-43.02,61.41,104.44,-0.0505,0.0409,0.0914,95.47,0.5,0.3552,3,Explosive Aggressor,#3498db
Nain Abidi,MO,17,7,10,1.071,0.4286,0.4,-29.55,57.24,86.79,-0.029,0.0306,0.0595,74.62,0.4118,0.408,1,Composed Accumulator,#2ecc71
Bismah Maroof,MO,63,14,49,1.167,0.4286,0.3673,-40.53,59.67,100.2,-0.0333,0.0486,0.0819,91.2,0.381,0.3575,3,Explosive Aggressor,#3498db
Sana Mir,MO,23,11,12,2.182,0.5455,0.25,-10.52,61.42,71.94,0.0386,0.0555,0.0169,66.91,0.3913,0.4515,1,Composed Accumulator,#2ecc71
SA Campbelle,MO,37,13,24,1.662,0.6923,0.4167,-33.0,69.73,102.73,-0.0177,0.0726,0.0903,91.14,0.5135,0.4049,1,Composed Accumulator,#2ecc71
MM Lanning,MO,53,6,47,1.958,0.6667,0.3404,-37.5,84.33,121.83,-0.0462,0.1027,0.1489,117.59,0.3774,0.3319,3,Explosive Aggressor,#3498db
Nida Dar,MO,58,13,45,1.385,0.6154,0.4444,-60.08,53.97,114.05,-0.0869,0.0376,0.1246,100.58,0.4828,0.3561,4,Pressure Vulnerable,#e74c3c
AC Jayangani,MO,40,15,25,1.795,0.9333,0.52,-40.48,93.77,134.25,-0.0536,0.1359,0.1895,119.07,0.675,0.3939,3,Explosive Aggressor,#3498db
HASD Siriwardene,MO,24,9,15,1.0,0.3333,0.3333,-33.37,65.52,98.89,-0.0445,0.0564,0.1009,86.38,0.3333,0.4075,1,Composed Accumulator,#2ecc71
Rumana Ahmed,MO,20,7,13,9.286,0.7143,0.0769,-29.0,68.65,97.65,-0.0356,0.066,0.1016,87.5,0.3,0.4139,0,Steady Anchor,#34495e
Fargana Hoque,MO,27,8,19,1.484,0.625,0.4211,-30.98,64.66,95.65,-0.0224,0.047,0.0694,86.47,0.4815,0.3776,1,Composed Accumulator,#2ecc71
JA Burns,MO,33,5,28,0.747,0.4,0.5357,-30.85,106.13,136.97,-0.0195,0.1175,0.137,132.3,0.5152,0.2896,3,Explosive Aggressor,#3498db
HWR Cartwright,MO,45,7,38,0.603,0.2857,0.4737,-25.8,91.2,117.0,0.0351,0.1484,0.1133,112.99,0.4444,0.3366,3,Explosive Aggressor,#3498db
C Munro,MO,50,6,44,1.913,1.0,0.5227,-86.09,63.69,149.79,-0.1139,0.0623,0.1762,139.46,0.58,0.2815,2,Pressure Collapser,#9b59b6
BCJ Cutting,MO,29,5,24,0.436,0.2,0.4583,-39.18,93.4,132.58,-0.0365,0.099,0.1355,125.82,0.4138,0.3328,3,Explosive Aggressor,#3498db
M du Preez,MO,35,9,26,1.685,0.7778,0.4615,-44.34,65.77,110.11,-0.048,0.0634,0.1114,98.71,0.5429,0.3801,3,Explosive Aggressor,#3498db
NND de Silva,MO,33,11,22,5.333,0.7273,0.1364,-18.85,66.24,85.09,0.0129,0.0583,0.0454,78.8,0.3333,0.4085,0,Steady Anchor,#34495e
SV Samson,MO,103,6,97,1.198,0.6667,0.5567,-54.4,88.96,143.36,-0.08,0.0806,0.1606,140.2,0.5631,0.2515,3,Explosive Aggressor,#3498db
Sikandar Raza,MO,59,10,49,2.13,1.0,0.4694,-34.3,95.11,129.4,-0.0023,0.1318,0.1341,123.59,0.5593,0.3279,3,Explosive Aggressor,#3498db
NR Sciver,MO,43,5,38,1.9,0.6,0.3158,-44.58,73.63,118.22,-0.0248,0.0937,0.1185,113.03,0.3488,0.2873,3,Explosive Aggressor,#3498db
KJ Garth,MO,15,8,7,0.438,0.125,0.2857,-36.43,60.01,96.44,-0.0515,0.0288,0.0803,77.01,0.2,0.4329,1,Composed Accumulator,#2ecc71
CL Tryon,MO,21,5,16,2.4,0.6,0.25,-62.64,62.73,125.37,-0.0776,0.0741,0.1517,110.45,0.3333,0.3785,4,Pressure Vulnerable,#e74c3c
IMHC Joyce,MO,15,8,7,1.167,0.5,0.4286,-16.6,72.53,89.13,0.0214,0.0769,0.0555,80.27,0.4667,0.4303,1,Composed Accumulator,#2ecc71
S Luus,MO,33,7,26,1.857,0.5714,0.3077,-25.4,76.55,101.95,0.0069,0.0924,0.0855,96.57,0.3636,0.3407,3,Explosive Aggressor,#3498db
Sidra Ameen,MO,17,5,12,1.6,0.8,0.5,-18.6,75.69,94.3,0.0154,0.0955,0.0801,88.82,0.5882,0.3748,1,Composed Accumulator,#2ecc71
L Lee,MO,22,5,17,1.275,0.6,0.4706,-36.8,88.57,125.37,-0.0588,0.1021,0.1609,117.01,0.5,0.3834,3,Explosive Aggressor,#3498db
MP Stoinis,MO,106,9,97,1.64,0.7778,0.4742,-42.6,96.8,139.39,-0.0328,0.129,0.1618,135.78,0.5,0.294,3,Explosive Aggressor,#3498db
Babar Hayat,MO,40,9,31,1.531,0.8889,0.5806,-65.19,64.8,129.99,-0.0898,0.0449,0.1346,115.33,0.65,0.3439,4,Pressure Vulnerable,#e74c3c
EA Perry,MO,44,7,37,2.349,0.5714,0.2432,-38.03,80.85,118.88,-0.0358,0.0919,0.1277,112.83,0.2955,0.3216,3,Explosive Aggressor,#3498db
HC Knight,MO,62,11,51,1.623,0.6364,0.3922,-58.9,64.29,123.18,-0.0787,0.0658,0.1446,112.73,0.4355,0.3211,3,Explosive Aggressor,#3498db
AE Jones,MO,42,5,37,0.411,0.2,0.4865,-48.27,78.25,126.52,-0.0582,0.1014,0.1596,120.77,0.4524,0.3037,3,Explosive Aggressor,#3498db
CJ Anderson,MO,31,6,25,1.389,0.5,0.36,-57.58,67.06,124.64,-0.0822,0.0543,0.1365,113.5,0.3871,0.3624,4,Pressure Vulnerable,#e74c3c
SA Yadav,MO,135,7,128,1.187,0.7143,0.6016,-74.92,75.86,150.77,-0.1331,0.0681,0.2012,146.89,0.6074,0.2696,2,Pressure Collapser,#9b59b6
AR Patel,MO,48,9,39,1.667,0.5556,0.3333,-36.54,91.16,127.7,-0.022,0.1218,0.1438,120.85,0.375,0.3283,3,Explosive Aggressor,#3498db
GWHM Perera,MO,22,8,14,2.45,0.875,0.3571,-20.58,78.15,98.72,-0.0079,0.085,0.0929,91.24,0.5455,0.397,1,Composed Accumulator,#2ecc71
Aizaz Khan,MO,23,5,18,2.057,0.8,0.3889,-39.14,76.14,115.29,-0.009,0.0748,0.0838,106.78,0.4783,0.3029,3,Explosive Aggressor,#3498db
TM Head,MO,48,6,42,1.522,0.8333,0.5476,-76.42,66.37,142.79,-0.1159,0.0472,0.1631,133.24,0.5833,0.2954,2,Pressure Collapser,#9b59b6
AC Agar,MO,20,5,15,3.0,0.8,0.2667,-48.83,69.52,118.35,-0.0601,0.0545,0.1146,106.14,0.4,0.3717,3,Explosive Aggressor,#3498db
AI Ross,MO,52,5,47,1.567,0.6,0.383,-40.01,87.63,127.63,-0.0355,0.0892,0.1247,123.79,0.4038,0.2683,3,Explosive Aggressor,#3498db
DJ Hooda,MO,42,5,37,0.965,0.6,0.6216,-57.74,75.86,133.6,-0.0968,0.0382,0.135,126.73,0.619,0.2701,3,Explosive Aggressor,#3498db
HH Pandya,MO,79,15,64,1.484,0.5333,0.3594,-53.56,83.12,136.68,-0.0745,0.0857,0.1603,126.51,0.3924,0.31,3,Explosive Aggressor,#3498db
HK Matthews,MO,37,7,30,2.143,1.0,0.4667,-38.91,87.83,126.74,-0.0532,0.1152,0.1684,119.37,0.5676,0.3365,3,Explosive Aggressor,#3498db
SW Billings,MO,59,5,54,1.2,0.6,0.5,-52.38,85.79,138.17,-0.0677,0.0853,0.153,133.73,0.5085,0.2654,3,Explosive Aggressor,#3498db
A Vala,MO,21,5,16,1.422,0.8,0.5625,-51.78,76.07,127.85,-0.0572,0.0717,0.1289,115.52,0.619,0.3106,3,Explosive Aggressor,#3498db
Mohammad Rizwan,MO,57,5,52,1.981,0.8,0.4038,-54.02,68.91,122.93,-0.0616,0.0433,0.105,118.19,0.4386,0.231,3,Explosive Aggressor,#3498db
GH Lewis,MO,43,6,37,1.298,0.6667,0.5135,-63.6,66.2,129.79,-0.1264,0.0516,0.178,120.92,0.5349,0.3251,4,Pressure Vulnerable,#e74c3c
L Delany,MO,50,13,37,1.005,0.4615,0.4595,-33.22,62.63,95.85,-0.0327,0.0534,0.0861,87.21,0.46,0.3989,1,Composed Accumulator,#2ecc71
Aliya Riaz,MO,33,17,16,4.706,0.2941,0.0625,-33.13,59.88,93.01,-0.0367,0.0606,0.0973,75.94,0.1818,0.4655,0,Steady Anchor,#34495e
Zeeshan Maqsood,MO,28,7,21,1.364,0.7143,0.5238,-50.16,73.44,123.6,-0.0923,0.0561,0.1484,111.06,0.5714,0.3356,3,Explosive Aggressor,#3498db
Nigar Sultana,MO,58,24,34,3.4,0.5,0.1471,-33.18,62.21,95.39,-0.0267,0.0546,0.0813,81.66,0.2931,0.4288,0,Steady Anchor,#34495e
MD Shanaka,MO,39,19,20,1.579,0.4737,0.3,-48.92,75.57,124.48,-0.051,0.0793,0.1303,100.65,0.3846,0.4069,3,Explosive Aggressor,#3498db
Muhammad Usman,MO,25,6,19,1.439,0.8333,0.5789,-34.86,88.44,123.3,-0.0248,0.1048,0.1296,114.93,0.64,0.347,3,Explosive Aggressor,#3498db
Muneeba Ali,MO,25,8,17,1.859,0.875,0.4706,-9.59,91.85,101.43,0.0334,0.1214,0.088,98.37,0.6,0.3787,1,Composed Accumulator,#2ecc71
MAA Sanjeewani,MO,17,7,10,2.381,0.7143,0.3,-9.4,83.75,93.15,0.0148,0.0953,0.0806,89.28,0.4706,0.3998,1,Composed Accumulator,#2ecc71
KH Pandya,MO,39,7,32,1.524,0.7143,0.4688,-62.59,71.34,133.93,-0.095,0.0659,0.1609,122.7,0.5128,0.3472,4,Pressure Vulnerable,#e74c3c
RR Pant,MO,101,9,92,1.835,0.7778,0.4239,-38.95,100.8,139.76,-0.057,0.1194,0.1765,136.29,0.4554,0.2853,3,Explosive Aggressor,#3498db
Ishan Kishan,MO,62,9,53,0.892,0.5556,0.6226,-56.4,85.35,141.75,-0.064,0.1051,0.1691,133.57,0.6129,0.2941,3,Explosive Aggressor,#3498db
N Rana,MO,58,8,50,1.509,0.875,0.58,-63.45,76.58,140.03,-0.0913,0.0845,0.1758,131.28,0.6207,0.3239,4,Pressure Vulnerable,#e74c3c
E Lewis,MO,28,7,21,1.235,1.0,0.8095,-69.15,94.73,163.89,-0.1201,0.1092,0.2293,146.6,0.8571,0.33,2,Pressure Collapser,#9b59b6
N Pooran,MO,93,10,83,1.158,0.6,0.5181,-48.28,96.54,144.82,-0.0564,0.1262,0.1826,139.63,0.5269,0.3157,3,Explosive Aggressor,#3498db
BJ Webster,MO,37,5,32,1.829,0.8,0.4375,-46.8,73.38,120.18,-0.0318,0.085,0.1168,113.85,0.4865,0.3238,3,Explosive Aggressor,#3498db
R Powell,MO,51,7,44,1.571,0.7143,0.4545,-101.88,42.17,144.06,-0.1706,0.011,0.1816,130.07,0.4902,0.3511,2,Pressure Collapser,#9b59b6
Mohammad Nabi,MO,20,5,15,1.667,1.0,0.6,-59.72,68.38,128.1,-0.1233,0.0308,0.1541,113.17,0.7,0.3548,4,Pressure Vulnerable,#e74c3c
Fakhar Zaman,MO,33,7,26,0.977,0.7143,0.7308,-73.94,69.33,143.27,-0.1263,0.0451,0.1714,127.58,0.7273,0.303,2,Pressure Collapser,#9b59b6
N de Klerk,MO,17,6,11,1.467,0.6667,0.4545,-19.33,72.65,91.98,-0.0062,0.0756,0.0818,85.16,0.5294,0.4248,1,Composed Accumulator,#2ecc71
ML Green,MO,32,9,23,2.272,0.8889,0.3913,-22.52,86.53,109.05,-0.0042,0.0923,0.0965,102.72,0.5312,0.3399,3,Explosive Aggressor,#3498db
Shubman Gill,MO,61,7,54,1.78,0.8571,0.4815,-61.45,81.3,142.76,-0.0572,0.0944,0.1516,135.7,0.5246,0.2373,3,Explosive Aggressor,#3498db
Mahirah Izzati Ismail,MO,22,14,8,1.0,0.5,0.5,-27.01,51.7,78.72,-0.0025,0.033,0.0355,61.53,0.5,0.4949,1,Composed Accumulator,#2ecc71
N Boochatham,MO,19,8,11,2.2,1.0,0.4545,-44.24,55.05,99.29,-0.0399,0.0286,0.0686,80.66,0.6842,0.4274,1,Composed Accumulator,#2ecc71
N Chaiwai,MO,38,16,22,1.547,0.5625,0.3636,-19.78,61.46,81.24,0.0039,0.051,0.0471,72.91,0.4474,0.4323,1,Composed Accumulator,#2ecc71
DB Sharma,MO,26,6,20,2.5,0.5,0.2,-8.83,88.69,97.52,0.0444,0.1227,0.0783,95.48,0.2692,0.3217,1,Composed Accumulator,#2ecc71
Mas Elysa,MO,33,14,19,3.054,0.6429,0.2105,-45.41,60.73,106.14,-0.067,0.0461,0.113,86.88,0.3939,0.4413,0,Steady Anchor,#34495e
C Sutthiruang,MO,32,18,14,5.444,0.7778,0.1429,-43.27,62.5,105.78,-0.034,0.0697,0.1037,81.43,0.5,0.4535,0,Steady Anchor,#34495e
WA Duraisingam,MO,31,17,14,3.569,0.7647,0.2143,-36.04,53.52,89.55,-0.0142,0.0474,0.0616,69.79,0.5161,0.4874,0,Steady Anchor,#34495e
H Madavi,MO,42,19,23,1.48,0.5789,0.3913,-32.28,79.38,111.66,-0.0446,0.077,0.1216,97.05,0.4762,0.409,1,Composed Accumulator,#2ecc71
RP Burl,MO,40,12,28,1.037,0.3333,0.3214,-42.58,85.45,128.03,-0.0439,0.0888,0.1327,115.25,0.325,0.3329,3,Explosive Aggressor,#3498db
N Koncharoenkai,MO,43,13,30,0.615,0.3077,0.5,-37.03,61.36,98.39,-0.0345,0.0587,0.0931,87.2,0.4419,0.41,1,Composed Accumulator,#2ecc71
SL Kalis,MO,28,7,21,3.0,0.7143,0.2381,-35.16,81.72,116.88,-0.0263,0.1029,0.1291,108.09,0.3571,0.3507,3,Explosive Aggressor,#3498db
K Awino,MO,17,8,9,0.45,0.25,0.5556,-29.66,54.82,84.48,0.0049,0.0476,0.0427,70.53,0.4118,0.4692,1,Composed Accumulator,#2ecc71
T Ruma,MO,17,9,8,1.333,0.3333,0.25,-49.55,58.84,108.39,-0.1107,0.0258,0.1365,82.15,0.2941,0.4601,4,Pressure Vulnerable,#e74c3c
B Tau,MO,23,11,12,2.545,0.6364,0.25,-29.58,72.32,101.9,-0.0335,0.0807,0.1142,87.76,0.4348,0.4301,1,Composed Accumulator,#2ecc71
KE Bryce,MO,25,9,16,2.133,0.6667,0.3125,-56.95,65.8,122.76,-0.0934,0.0542,0.1475,102.25,0.44,0.3908,4,Pressure Vulnerable,#e74c3c
SJ Bryce,MO,29,8,21,2.042,0.875,0.4286,-39.47,79.33,118.79,-0.0369,0.0943,0.1312,107.91,0.5517,0.3637,3,Explosive Aggressor,#3498db
B de Leede,MO,35,8,27,1.817,0.875,0.4815,-44.17,62.9,107.06,-0.0432,0.0678,0.111,96.97,0.5714,0.3813,3,Explosive Aggressor,#3498db
I Nakisuuyi,MO,41,27,14,1.728,0.7407,0.4286,-44.12,61.19,105.3,-0.0639,0.0596,0.1235,76.25,0.6341,0.5081,1,Composed Accumulator,#2ecc71
R Musamali,MO,44,18,26,2.648,0.6111,0.2308,-33.59,63.06,96.66,-0.0138,0.0454,0.0593,82.92,0.3864,0.4209,1,Composed Accumulator,#2ecc71
S Nampiina,MO,33,18,15,1.25,0.3333,0.2667,-49.68,58.7,108.37,-0.0548,0.0614,0.1162,81.28,0.303,0.4779,1,Composed Accumulator,#2ecc71
N Chantam,MO,35,17,18,1.21,0.4706,0.3889,-39.57,73.69,113.27,-0.0509,0.0803,0.1311,94.05,0.4286,0.4436,1,Composed Accumulator,#2ecc71
L Mophakedi,MO,22,8,14,1.4,0.5,0.3571,-27.13,59.7,86.83,-0.0163,0.062,0.0783,76.96,0.4091,0.4298,1,Composed Accumulator,#2ecc71
A van der Merwe,MO,16,9,7,0.972,0.5556,0.5714,-6.28,75.57,81.85,0.0448,0.0838,0.039,78.32,0.5625,0.4617,1,Composed Accumulator,#2ecc71
KA Green,MO,31,16,15,1.719,0.6875,0.4,-23.29,69.31,92.6,-0.0135,0.0739,0.0874,80.58,0.5484,0.499,1,Composed Accumulator,#2ecc71
W Mwatile,MO,32,26,6,1.269,0.4231,0.3333,-37.73,62.68,100.42,-0.0407,0.0658,0.1065,69.76,0.4062,0.5457,1,Composed Accumulator,#2ecc71
Yasmeen Khan,MO,39,15,24,1.778,0.6667,0.375,-45.02,66.05,111.07,-0.058,0.0639,0.1218,93.75,0.4872,0.4237,1,Composed Accumulator,#2ecc71
A Gardner,MO,32,5,27,1.62,0.6,0.3704,-34.31,92.33,126.65,-0.03,0.122,0.152,121.28,0.4062,0.3408,3,Explosive Aggressor,#3498db
CA Henry,MO,16,10,6,0.9,0.3,0.3333,-70.69,64.67,135.36,-0.0996,0.0682,0.1678,91.18,0.3125,0.4569,4,Pressure Vulnerable,#e74c3c
SO Hetmyer,MO,43,9,34,1.556,0.7778,0.5,-48.84,92.6,141.44,-0.0279,0.1269,0.1548,131.22,0.5581,0.3168,3,Explosive Aggressor,#3498db
KY Chan,MO,36,15,21,1.75,0.6667,0.381,-46.26,58.44,104.7,-0.0455,0.0489,0.0945,85.43,0.5,0.4003,1,Composed Accumulator,#2ecc71
KKN Egodage,MO,43,17,26,1.251,0.5294,0.4231,-35.69,58.28,93.96,-0.0429,0.036,0.0789,79.86,0.4651,0.4082,1,Composed Accumulator,#2ecc71
I Barma,MO,31,10,21,1.167,0.5,0.4286,-41.03,52.61,93.63,-0.032,0.0399,0.0719,80.4,0.4516,0.4437,1,Composed Accumulator,#2ecc71
RC Belbashi,MO,32,18,14,7.778,0.5556,0.0714,-41.44,65.74,107.18,-0.0346,0.0763,0.1108,83.87,0.3438,0.4713,0,Steady Anchor,#34495e
SR Magar,MO,17,7,10,1.429,0.5714,0.4,-38.86,52.92,91.78,-0.0221,0.0446,0.0668,75.78,0.4706,0.4076,1,Composed Accumulator,#2ecc71
Y Daswani,MO,31,17,14,1.647,0.4706,0.2857,-36.76,56.04,92.81,-0.0302,0.025,0.0552,72.65,0.3871,0.4498,1,Composed Accumulator,#2ecc71
Ainna Hamizah Hashim,MO,17,12,5,1.667,0.3333,0.2,-16.45,53.59,70.03,-0.0007,0.0517,0.0524,58.42,0.2941,0.575,1,Composed Accumulator,#2ecc71
Maryam Omar,MO,20,9,11,0.611,0.2222,0.3636,-44.63,52.03,96.66,-0.0497,0.0298,0.0795,76.58,0.3,0.4492,1,Composed Accumulator,#2ecc71
JO Holder,MO,20,6,14,1.867,0.6667,0.3571,-38.71,102.64,141.35,-0.029,0.1333,0.1623,129.74,0.45,0.3563,3,Explosive Aggressor,#3498db
SA Wittmann,MO,22,11,11,1.8,0.8182,0.4545,-47.63,67.69,115.32,-0.0733,0.0744,0.1477,91.5,0.6364,0.4525,1,Composed Accumulator,#2ecc71
S Dube,MO,56,6,50,1.515,0.6667,0.44,-43.3,96.46,139.77,-0.0749,0.0948,0.1698,135.13,0.4643,0.3001,3,Explosive Aggressor,#3498db
CS Mugeri-Tiripano,MO,27,9,18,2.0,0.7778,0.3889,-34.53,80.2,114.73,-0.0145,0.091,0.1055,103.22,0.5185,0.3811,3,Explosive Aggressor,#3498db
NPAN Sakarini,MO,20,10,10,1.5,0.6,0.4,-39.06,63.05,102.11,-0.026,0.072,0.098,82.58,0.5,0.4391,1,Composed Accumulator,#2ecc71
JA Diergaardt,MO,20,11,9,1.023,0.4545,0.4444,-34.71,57.44,92.15,-0.0321,0.0399,0.072,73.06,0.45,0.4677,1,Composed Accumulator,#2ecc71
M Mupachikwa,MO,31,14,17,1.7,0.5,0.2941,-29.83,71.84,101.67,-0.0354,0.0664,0.1017,88.2,0.3871,0.4194,1,Composed Accumulator,#2ecc71
H Ishimwe,MO,26,10,16,1.6,0.5,0.3125,-40.03,61.39,101.42,-0.0174,0.0776,0.095,86.02,0.3846,0.4469,1,Composed Accumulator,#2ecc71
J Mbabazi,MO,26,16,10,1.719,0.6875,0.4,-29.53,63.41,92.94,-0.023,0.0631,0.0861,74.77,0.5769,0.4723,1,Composed Accumulator,#2ecc71
MD Bimenyimana,MO,27,16,11,1.547,0.5625,0.3636,-16.57,68.27,84.84,0.0199,0.0706,0.0507,75.02,0.4815,0.4772,1,Composed Accumulator,#2ecc71
G Ishimwe,MO,23,11,12,2.182,0.7273,0.3333,-44.17,59.95,104.12,-0.0709,0.0347,0.1056,83.0,0.5217,0.4303,1,Composed Accumulator,#2ecc71
M Yanagida,MO,18,10,8,1.6,0.4,0.25,-42.87,54.76,97.63,-0.0591,0.0329,0.092,73.81,0.3333,0.4386,1,Composed Accumulator,#2ecc71
DM Nakrani,MO,23,9,14,1.556,0.6667,0.4286,-50.42,82.74,133.16,-0.0635,0.0841,0.1476,113.43,0.5217,0.3845,3,Explosive Aggressor,#3498db
I Danladi,MO,33,11,22,1.455,0.7273,0.5,-37.97,82.22,120.19,-0.0449,0.0879,0.1328,107.54,0.5758,0.4043,3,Explosive Aggressor,#3498db
IO Okpe,MO,22,7,15,2.679,0.7143,0.2667,-50.08,58.33,108.41,-0.0379,0.0365,0.0744,92.47,0.4091,0.3922,3,Explosive Aggressor,#3498db
K Motlanka,MO,21,7,14,2.4,0.8571,0.3571,-48.59,64.12,112.72,-0.091,0.0339,0.1248,96.52,0.5238,0.375,4,Pressure Vulnerable,#e74c3c
R Nehonde,MO,18,8,10,1.25,0.75,0.6,-47.17,72.76,119.93,-0.0359,0.0863,0.1222,98.97,0.6667,0.4431,1,Composed Accumulator,#2ecc71
E Iloku,MO,17,7,10,1.02,0.7143,0.7,-13.82,67.43,81.26,0.0234,0.0672,0.0437,75.56,0.7059,0.4414,1,Composed Accumulator,#2ecc71
Syed Aziz,MO,36,5,31,1.722,1.0,0.5806,-71.52,64.69,136.21,-0.1049,0.0504,0.1553,126.28,0.6389,0.3102,4,Pressure Vulnerable,#e74c3c
Ahmed Hassan,MO,18,6,12,2.0,1.0,0.5,-71.72,65.07,136.79,-0.1041,0.064,0.1681,112.88,0.6667,0.3971,4,Pressure Vulnerable,#e74c3c
PA Chatterji,MO,16,6,10,1.667,0.8333,0.5,-21.84,66.26,88.1,0.0337,0.0921,0.0584,79.91,0.625,0.4309,1,Composed Accumulator,#2ecc71
L Jack,MO,16,7,9,0.257,0.1429,0.5556,-16.25,72.09,88.34,0.0468,0.0907,0.0439,81.23,0.375,0.4133,1,Composed Accumulator,#2ecc71
R Rijke,MO,35,9,26,1.838,0.7778,0.4231,-49.57,62.96,112.52,-0.0602,0.0536,0.1138,99.78,0.5143,0.371,3,Explosive Aggressor,#3498db
Virandeep Singh,MO,48,5,43,2.15,1.0,0.4651,-57.8,68.86,126.66,-0.0689,0.069,0.1379,120.64,0.5208,0.3006,3,Explosive Aggressor,#3498db
Muhammad Tanveer,MO,32,7,25,1.623,0.7143,0.44,-43.36,82.39,125.75,-0.0514,0.0873,0.1388,116.26,0.5,0.3559,3,Explosive Aggressor,#3498db
IJR Zwilling,MO,16,9,7,1.296,0.5556,0.4286,-23.38,58.04,81.42,-0.0159,0.0331,0.049,68.27,0.5,0.4563,1,Composed Accumulator,#2ecc71
O Prendergast,MO,32,8,24,1.75,0.875,0.5,-44.81,75.91,120.72,-0.0347,0.09,0.1247,109.52,0.5938,0.3545,3,Explosive Aggressor,#3498db
Aaron Jones,MO,22,6,16,3.2,1.0,0.3125,-18.22,97.2,115.42,0.0161,0.1228,0.1067,110.45,0.5,0.3664,3,Explosive Aggressor,#3498db
DMW Rawlins,MO,20,5,15,3.0,0.8,0.2667,-80.29,90.56,170.85,-0.0958,0.1294,0.2252,150.78,0.4,0.3354,2,Pressure Collapser,#9b59b6
JP Kotze,MO,16,5,11,1.257,0.8,0.6364,-42.0,84.5,126.5,-0.0844,0.0686,0.153,113.37,0.6875,0.3834,3,Explosive Aggressor,#3498db
MG Erasmus,MO,44,6,38,0.745,0.3333,0.4474,-44.06,84.46,128.51,-0.038,0.0873,0.1253,122.51,0.4318,0.303,3,Explosive Aggressor,#3498db
GK Diviya,MO,20,15,5,0.778,0.4667,0.6,-48.84,41.88,90.72,-0.0553,0.0183,0.0736,54.09,0.5,0.5359,1,Composed Accumulator,#2ecc71
Murshida Khatun,MO,18,7,11,1.886,0.8571,0.4545,-22.53,76.8,99.32,-0.0153,0.0749,0.0902,90.56,0.6111,0.4001,1,Composed Accumulator,#2ecc71
S Sunday,MO,19,10,9,4.05,0.9,0.2222,-47.23,57.66,104.89,-0.0616,0.0722,0.1339,80.03,0.5789,0.4952,0,Steady Anchor,#34495e
M Hill,MO,30,9,21,1.556,0.6667,0.4286,-44.01,70.71,114.73,-0.0576,0.0688,0.1264,101.52,0.5,0.3781,3,Explosive Aggressor,#3498db
Kushal Malla,MO,20,8,12,1.5,0.75,0.5,-72.87,71.24,144.11,-0.1006,0.0711,0.1717,114.96,0.6,0.3978,4,Pressure Vulnerable,#e74c3c
ZE Green,MO,17,5,12,1.371,0.8,0.5833,-42.23,61.56,103.79,-0.0322,0.0525,0.0846,91.37,0.6471,0.359,3,Explosive Aggressor,#3498db
JO Adedeji,MO,25,14,11,1.122,0.7143,0.6364,-27.89,74.89,102.78,-0.0156,0.073,0.0886,87.16,0.68,0.4594,1,Composed Accumulator,#2ecc71
Khushdil Shah,MO,15,5,10,1.2,0.6,0.5,-31.39,77.47,108.86,-0.0468,0.0716,0.1183,98.4,0.5333,0.4026,1,Composed Accumulator,#2ecc71
RM Dorji,MO,17,6,11,1.528,0.8333,0.5455,-25.22,81.52,106.74,-0.0283,0.0788,0.1071,97.84,0.6471,0.4149,1,Composed Accumulator,#2ecc71
Azyan Farhath,MO,16,5,11,4.4,0.8,0.1818,-19.48,66.69,86.17,0.0013,0.0476,0.0463,80.08,0.375,0.3883,0,Steady Anchor,#34495e
RM Ghosh,MO,22,7,15,0.612,0.2857,0.4667,-27.03,96.23,123.27,-0.0377,0.1368,0.1745,114.67,0.4091,0.4096,1,Composed Accumulator,#2ecc71
Junaid Aziz,MO,16,7,9,2.571,0.5714,0.2222,-31.26,82.26,113.52,-0.0148,0.1011,0.1159,99.85,0.375,0.4596,1,Composed Accumulator,#2ecc71
Basil Hameed,MO,15,5,10,1.333,0.4,0.3,-33.96,82.19,116.15,-0.0098,0.0771,0.0869,104.83,0.3333,0.3496,3,Explosive Aggressor,#3498db
S Mostary,MO,17,7,10,1.429,1.0,0.7,-16.22,65.92,82.15,0.0143,0.0698,0.0555,75.47,0.8235,0.4415,1,Composed Accumulator,#2ecc71
Shaheryar Butt,MO,17,6,11,0.524,0.3333,0.6364,-52.46,91.83,144.28,-0.0522,0.1346,0.1868,125.77,0.5294,0.3894,3,Explosive Aggressor,#3498db
WG Jacks,MO,16,5,11,1.1,1.0,0.9091,-59.85,73.97,133.83,-0.1035,0.0582,0.1616,115.12,0.9375,0.3693,4,Pressure Vulnerable,#e74c3c
AC Kerr,MO,35,5,30,3.0,1.0,0.3333,-51.15,62.17,113.32,-0.0841,0.0194,0.1034,106.01,0.4286,0.3001,3,Explosive Aggressor,#3498db
A Bosch,MO,23,6,17,1.889,1.0,0.5294,-23.15,95.55,118.7,-0.0024,0.129,0.1314,112.66,0.6522,0.3688,3,Explosive Aggressor,#3498db
Aqib Iqbal,MO,22,6,16,1.524,0.6667,0.4375,-54.72,70.47,125.19,-0.0711,0.0518,0.1229,110.27,0.5,0.343,3,Explosive Aggressor,#3498db
LA Dunbar,MO,17,8,9,1.125,0.5,0.4444,-68.03,62.63,130.66,-0.1277,0.0569,0.1846,98.65,0.4706,0.4285,4,Pressure Vulnerable,#e74c3c
B Arora,MO,15,6,9,3.75,0.8333,0.2222,-15.67,71.21,86.88,-0.0051,0.0803,0.0854,80.61,0.4667,0.4272,0,Steady Anchor,#34495e
Usman Khan,MO,19,5,14,1.05,0.6,0.5714,-45.7,82.89,128.59,-0.0355,0.0994,0.1349,116.57,0.5789,0.3393,3,Explosive Aggressor,#3498db
D Ndikubwimana,MO,25,17,8,1.035,0.6471,0.625,-36.8,64.93,101.73,-0.0366,0.0449,0.0815,76.7,0.64,0.4776,1,Composed Accumulator,#2ecc71
O Tuyisenge,MO,20,8,12,0.818,0.75,0.9167,-39.58,71.88,111.45,-0.0812,0.0428,0.124,95.62,0.85,0.4388,1,Composed Accumulator,#2ecc71
OH Agbomadzie,MO,16,8,8,2.0,0.75,0.375,-56.47,57.62,114.1,-0.0672,0.0531,0.1204,85.86,0.5625,0.4164,4,Pressure Vulnerable,#e74c3c
C Rububagumya,MO,20,10,10,1.25,0.5,0.4,-40.17,61.91,102.08,-0.0424,0.0382,0.0806,82.0,0.45,0.4309,1,Composed Accumulator,#2ecc71
HM Omary,MO,20,10,10,1.667,0.5,0.3,-34.83,67.02,101.85,-0.0328,0.0545,0.0873,84.43,0.4,0.3979,1,Composed Accumulator,#2ecc71
P Alako,MO,17,9,8,1.333,0.3333,0.25,-21.02,79.25,100.27,-0.006,0.0978,0.1038,89.14,0.2941,0.4727,1,Composed Accumulator,#2ecc71
TM McGrath,MO,23,6,17,2.833,0.6667,0.2353,-35.13,99.97,135.11,-0.027,0.1657,0.1927,125.94,0.3478,0.3583,3,Explosive Aggressor,#3498db
Ayan Khan,MO,20,6,14,0.778,0.5,0.6429,-16.53,79.06,95.6,0.0277,0.0917,0.0639,90.64,0.6,0.3722,1,Composed Accumulator,#2ecc71
SA Okpe,MO,25,12,13,2.167,0.6667,0.3077,-47.44,69.95,117.39,-0.0384,0.0659,0.1043,94.62,0.48,0.4279,1,Composed Accumulator,#2ecc71
K Nassoro,MO,31,15,16,1.829,0.8,0.4375,-43.64,72.7,116.35,-0.0564,0.0753,0.1316,95.23,0.6129,0.4014,1,Composed Accumulator,#2ecc71
A Ferguson,MO,15,5,10,1.2,0.6,0.5,-36.04,67.88,103.92,-0.0401,0.0615,0.1016,91.9,0.5333,0.396,1,Composed Accumulator,#2ecc71
Aysha,MO,18,5,13,1.733,0.8,0.4615,-72.45,63.11,135.57,-0.1345,0.0381,0.1726,115.44,0.5556,0.3198,4,Pressure Vulnerable,#e74c3c
K Ndlovu,MO,19,6,13,1.083,0.6667,0.6154,-62.62,61.54,124.16,-0.1065,0.0644,0.1709,104.39,0.6316,0.398,4,Pressure Vulnerable,#e74c3c
Shanzeen Shahzad,MO,16,8,8,2.0,0.75,0.375,-34.59,64.46,99.06,-0.0304,0.0655,0.0959,81.76,0.5625,0.4166,1,Composed Accumulator,#2ecc71
V Ooko,MO,19,8,11,1.925,0.875,0.4545,-45.68,59.72,105.4,-0.0855,0.0561,0.1415,86.17,0.6316,0.4508,1,Composed Accumulator,#2ecc71
Shafina Mahesh,MO,16,9,7,2.333,0.6667,0.2857,-24.2,49.96,74.15,-0.0177,0.0468,0.0645,60.54,0.5,0.4907,1,Composed Accumulator,#2ecc71
Vinu Kumar,MO,19,9,10,2.778,0.5556,0.2,-39.59,44.35,83.94,-0.0062,0.0473,0.0535,65.19,0.3684,0.4464,1,Composed Accumulator,#2ecc71
WK Dilhari,MO,16,5,11,0.629,0.4,0.6364,-33.09,89.02,122.11,-0.0449,0.0964,0.1413,111.77,0.5625,0.3603,3,Explosive Aggressor,#3498db
Khushi Sharma,MO,21,12,9,1.2,0.6667,0.5556,-19.06,68.14,87.2,0.0086,0.0496,0.041,76.31,0.619,0.4354,1,Composed Accumulator,#2ecc71
RR Seth,MO,15,8,7,0.875,0.5,0.5714,-17.83,61.0,78.83,-0.0111,0.0632,0.0743,69.32,0.5333,0.4717,1,Composed Accumulator,#2ecc71
Yasim Murtaza,MO,18,5,13,1.56,0.6,0.3846,-46.76,63.74,110.5,-0.0555,0.0416,0.0971,97.51,0.4444,0.3604,3,Explosive Aggressor,#3498db
Ahmad Ramdoni,MO,24,14,10,0.714,0.4286,0.6,-44.32,57.17,101.49,-0.0501,0.0551,0.1052,75.64,0.5,0.4635,1,Composed Accumulator,#2ecc71
IK Gamantika,MO,24,9,15,1.944,0.7778,0.4,-52.04,59.74,111.78,-0.0728,0.0437,0.1165,92.26,0.5417,0.3924,4,Pressure Vulnerable,#e74c3c
PR Surve,MO,23,6,17,2.361,0.8333,0.3529,-22.4,85.74,108.13,-0.0112,0.0868,0.098,102.29,0.4783,0.3566,3,Explosive Aggressor,#3498db
Anjar Tadarus,MO,16,6,10,2.083,0.8333,0.4,-43.28,68.77,112.05,-0.0347,0.0811,0.1157,95.82,0.5625,0.4221,1,Composed Accumulator,#2ecc71
A Chandel,MO,16,7,9,0.857,0.2857,0.3333,-32.64,45.31,77.95,-0.0423,0.0197,0.062,63.67,0.3125,0.4505,1,Composed Accumulator,#2ecc71
Sohail Ahmed,MO,38,6,32,1.333,0.5,0.375,-52.84,63.61,116.46,-0.0602,0.0493,0.1095,108.11,0.3947,0.3237,3,Explosive Aggressor,#3498db
W Niyitanga,MO,18,11,7,5.091,0.7273,0.1429,-76.09,54.01,130.11,-0.0763,0.0493,0.1257,83.6,0.5,0.4857,0,Steady Anchor,#34495e
MO Kitunda,MO,15,5,10,1.667,1.0,0.6,-39.01,72.74,111.74,-0.0011,0.0967,0.0979,98.74,0.7333,0.3995,1,Composed Accumulator,#2ecc71
O Manishimwe,MO,20,7,13,2.321,0.7143,0.3077,-45.82,62.39,108.21,-0.0579,0.0357,0.0936,92.17,0.45,0.3881,3,Explosive Aggressor,#3498db
Asif Khan,MO,25,7,18,1.429,0.7143,0.5,-49.58,93.44,143.02,-0.0653,0.1065,0.1718,129.14,0.56,0.3688,3,Explosive Aggressor,#3498db
B Shanti,MO,18,10,8,1.867,0.7,0.375,-40.34,61.09,101.43,-0.0454,0.0571,0.1025,79.02,0.5556,0.443,1,Composed Accumulator,#2ecc71
Puja Mahato,MO,19,8,11,1.65,0.75,0.4545,-45.8,48.78,94.57,-0.0348,0.0417,0.0765,75.29,0.5789,0.427,1,Composed Accumulator,#2ecc71
Jaker Ali,MO,16,5,11,1.467,0.4,0.2727,-49.19,70.85,120.04,-0.0574,0.0598,0.1172,104.67,0.3125,0.3706,3,Explosive Aggressor,#3498db
C Uwase,MO,15,10,5,2.0,0.8,0.4,-12.14,61.52,73.67,0.006,0.0629,0.057,65.57,0.6667,0.5339,1,Composed Accumulator,#2ecc71
GD Arta,MO,19,10,9,2.4,0.8,0.3333,-42.42,67.25,109.67,-0.047,0.0609,0.1079,87.34,0.5789,0.4548,1,Composed Accumulator,#2ecc71
DJ Bravo,Death,71,10,61,2.652,1.0,0.377,-50.74,126.76,177.5,-0.0425,0.1768,0.2193,170.36,0.4648,0.224,3,Explosive Aggressor,#3498db
SL Malinga,Death,15,10,5,0.75,0.6,0.8,-41.29,77.8,119.09,-0.0706,0.08,0.1506,91.56,0.6667,0.4573,1,Composed Accumulator,#2ecc71
KD Karthik,Death,99,9,90,1.842,0.7778,0.4222,-83.15,98.65,181.8,-0.153,0.1144,0.2674,174.24,0.4545,0.2266,2,Pressure Collapser,#9b59b6
DJG Sammy,Death,40,6,34,1.133,0.5,0.4412,-97.31,89.75,187.06,-0.1888,0.078,0.2668,172.46,0.45,0.2208,2,Pressure Collapser,#9b59b6
Mashrafe Mortaza,Death,15,5,10,1.0,0.4,0.4,-21.26,136.19,157.45,0.0384,0.2595,0.2211,150.36,0.4,0.3579,3,Explosive Aggressor,#3498db
Misbah-ul-Haq,Death,22,5,17,3.4,0.8,0.2353,-60.17,104.22,164.38,-0.0549,0.139,0.1939,150.71,0.3636,0.2574,3,Explosive Aggressor,#3498db
BJ Hodge,Death,45,7,38,1.551,0.5714,0.3684,-70.22,100.21,170.43,-0.087,0.1287,0.2157,159.51,0.4,0.2171,2,Pressure Collapser,#9b59b6
MG Johnson,Death,25,8,17,4.25,0.75,0.1765,-70.38,58.98,129.36,-0.0953,0.0322,0.1275,106.84,0.36,0.3343,0,Steady Anchor,#34495e
MS Dhoni,Death,185,17,168,1.704,0.5882,0.3452,-68.37,107.74,176.11,-0.0805,0.1506,0.2311,169.83,0.3676,0.2084,2,Pressure Collapser,#9b59b6
AB de Villiers,Death,68,5,63,2.965,0.8,0.2698,-124.32,99.1,223.42,-0.2265,0.1003,0.3268,214.28,0.3088,0.1721,2,Pressure Collapser,#9b59b6
Harbhajan Singh,Death,39,6,33,2.2,1.0,0.4545,-67.6,94.19,161.8,-0.1235,0.1193,0.2428,151.39,0.5385,0.2907,2,Pressure Collapser,#9b59b6
Shoaib Malik,Death,42,5,37,1.708,0.6,0.3514,-138.5,47.01,185.51,-0.2449,0.0,0.2449,169.02,0.381,0.1941,2,Pressure Collapser,#9b59b6
Yuvraj Singh,Death,49,10,39,1.671,0.9,0.5385,-95.96,98.06,194.02,-0.1698,0.1264,0.2961,174.44,0.6122,0.2905,2,Pressure Collapser,#9b59b6
RG Sharma,Death,66,6,60,1.538,0.6667,0.4333,-80.77,118.24,199.01,-0.0996,0.1911,0.2906,191.67,0.4545,0.2055,2,Pressure Collapser,#9b59b6
G Gambhir,Death,17,5,12,1.371,0.8,0.5833,-38.61,110.0,148.61,-0.036,0.1301,0.1661,137.26,0.6471,0.2944,3,Explosive Aggressor,#3498db
PP Chawla,Death,32,9,23,2.13,0.5556,0.2609,-64.14,82.86,147.0,-0.0672,0.1179,0.185,128.96,0.3438,0.2828,3,Explosive Aggressor,#3498db
RA Jadeja,Death,107,9,98,1.177,0.4444,0.3776,-82.15,77.87,160.01,-0.1131,0.0807,0.1938,153.11,0.3832,0.2012,2,Pressure Collapser,#9b59b6
P Kumar,Death,28,11,17,3.606,0.6364,0.1765,-48.64,79.56,128.2,-0.0423,0.0818,0.1241,109.09,0.3571,0.3669,0,Steady Anchor,#34495e
SK Raina,Death,58,5,53,0.883,0.4,0.4528,-44.45,121.14,165.58,-0.0116,0.2029,0.2145,161.75,0.4483,0.2141,3,Explosive Aggressor,#3498db
MK Pandey,Death,55,5,50,1.667,0.6,0.36,-91.07,59.33,150.4,-0.1378,0.0333,0.1712,142.12,0.3818,0.2081,2,Pressure Collapser,#9b59b6
R Vinay Kumar,Death,17,5,12,1.067,0.8,0.75,-34.44,97.46,131.9,-0.0157,0.109,0.1247,121.77,0.7647,0.336,3,Explosive Aggressor,#3498db
KA Pollard,Death,129,21,108,1.385,0.6667,0.4815,-90.21,97.26,187.47,-0.1431,0.1136,0.2567,172.78,0.5116,0.247,2,Pressure Collapser,#9b59b6
J Botha,Death,31,5,26,1.733,0.8,0.4615,-104.11,68.47,172.58,-0.1403,0.0786,0.2188,155.79,0.5161,0.2384,2,Pressure Collapser,#9b59b6
V Kohli,Death,84,5,79,1.09,0.4,0.3671,-109.46,79.07,188.53,-0.1417,0.105,0.2467,182.02,0.369,0.1974,2,Pressure Collapser,#9b59b6
R Ashwin,Death,44,7,37,2.44,0.8571,0.3514,-77.86,61.41,139.27,-0.1218,0.0397,0.1615,126.88,0.4318,0.2553,2,Pressure Collapser,#9b59b6
EJG Morgan,Death,54,7,47,2.014,0.8571,0.4255,-80.91,110.29,191.2,-0.0916,0.1645,0.2561,180.71,0.4815,0.217,2,Pressure Collapser,#9b59b6
KM Jadhav,Death,35,6,29,1.812,0.5,0.2759,-72.42,72.75,145.17,-0.1006,0.0806,0.1812,132.75,0.3143,0.2855,2,Pressure Collapser,#9b59b6
AT Rayudu,Death,53,6,47,1.958,0.6667,0.3404,-86.46,85.52,171.97,-0.1226,0.0933,0.2159,162.19,0.3774,0.1937,2,Pressure Collapser,#9b59b6
NV Ojha,Death,20,6,14,1.944,0.8333,0.4286,-79.22,76.4,155.63,-0.0933,0.0845,0.1778,131.86,0.55,0.3058,2,Pressure Collapser,#9b59b6
MR Marsh,Death,45,5,40,1.684,0.8,0.475,-100.26,77.39,177.65,-0.1366,0.0889,0.2255,166.51,0.5111,0.2371,2,Pressure Collapser,#9b59b6
NLTC Perera,Death,45,5,40,2.857,1.0,0.35,-56.19,114.48,170.67,-0.042,0.1749,0.217,164.43,0.4222,0.2387,3,Explosive Aggressor,#3498db
DA Miller,Death,113,7,106,2.227,0.7143,0.3208,-93.52,78.78,172.3,-0.1469,0.076,0.2228,166.5,0.3451,0.2051,2,Pressure Collapser,#9b59b6
WD Parnell,Death,15,5,10,1.333,0.4,0.3,-57.29,61.33,118.62,-0.0719,0.0333,0.1052,99.52,0.3333,0.3425,3,Explosive Aggressor,#3498db
AJ Finch,Death,38,5,33,2.357,1.0,0.4242,-109.65,90.0,199.66,-0.1775,0.1156,0.293,185.23,0.5,0.2215,2,Pressure Collapser,#9b59b6
CR Woakes,Death,17,6,11,1.833,0.6667,0.3636,-74.32,74.03,148.35,-0.0815,0.082,0.1635,122.12,0.4706,0.3255,4,Pressure Vulnerable,#e74c3c
DT Christian,Death,60,9,51,1.545,0.6667,0.4314,-57.48,112.42,169.9,-0.0617,0.1561,0.2178,161.28,0.4667,0.2539,3,Explosive Aggressor,#3498db
AD Russell,Death,81,14,67,2.209,0.8571,0.3881,-94.56,107.73,202.29,-0.1265,0.1818,0.3083,185.95,0.4691,0.2895,2,Pressure Collapser,#9b59b6
JP Faulkner,Death,53,7,46,1.825,0.7143,0.3913,-54.93,86.08,141.01,-0.0519,0.0827,0.1347,133.75,0.434,0.2146,3,Explosive Aggressor,#3498db
MG Neser,Death,27,5,22,0.293,0.2,0.6818,-44.06,101.75,145.81,-0.0466,0.1191,0.1657,137.65,0.5926,0.2942,3,Explosive Aggressor,#3498db
MA Starc,Death,15,5,10,1.5,0.6,0.4,-76.33,48.29,124.62,-0.0922,0.0333,0.1255,99.17,0.4667,0.3334,4,Pressure Vulnerable,#e74c3c
NM Coulter-Nile,Death,23,8,15,1.875,0.75,0.4,-35.98,110.88,146.86,-0.0354,0.15,0.1854,134.34,0.5217,0.3519,3,Explosive Aggressor,#3498db
SA Abbott,Death,29,6,23,2.3,1.0,0.4348,-98.43,49.86,148.28,-0.1084,0.0423,0.1507,127.92,0.5517,0.2823,2,Pressure Collapser,#9b59b6
C de Grandhomme,Death,22,5,17,1.457,0.6,0.4118,-91.43,72.79,164.22,-0.1278,0.0639,0.1917,143.44,0.4545,0.2404,2,Pressure Collapser,#9b59b6
SO Ngoche,Death,21,5,16,3.2,1.0,0.3125,-82.36,74.05,156.42,-0.1548,0.0486,0.2034,136.81,0.4762,0.2438,2,Pressure Collapser,#9b59b6
B Kumar,Death,27,9,18,2.5,0.5556,0.2222,-50.15,67.28,117.42,-0.0506,0.0641,0.1148,100.71,0.3333,0.3375,3,Explosive Aggressor,#3498db
SP Narine,Death,16,7,9,0.429,0.2857,0.6667,-52.52,92.96,145.48,-0.0172,0.1565,0.1737,122.5,0.5,0.3903,3,Explosive Aggressor,#3498db
H Kaur,Death,36,5,31,1.431,0.6,0.4194,-115.05,39.19,154.24,-0.2093,0.0,0.2093,138.26,0.4444,0.2862,2,Pressure Collapser,#9b59b6
D van Niekerk,Death,16,5,11,0.44,0.2,0.4545,-56.73,80.41,137.14,-0.148,0.0143,0.1622,119.41,0.375,0.311,4,Pressure Vulnerable,#e74c3c
BCJ Cutting,Death,60,10,50,1.2,0.6,0.5,-60.13,125.22,185.35,-0.0875,0.1777,0.2652,175.33,0.5167,0.2729,2,Pressure Collapser,#9b59b6
HWR Cartwright,Death,32,5,27,2.025,0.6,0.2963,-75.63,100.77,176.4,-0.1197,0.1128,0.2325,164.58,0.3438,0.2559,2,Pressure Collapser,#9b59b6
A Zampa,Death,20,13,7,1.885,0.5385,0.2857,-58.4,64.46,122.86,-0.072,0.0518,0.1238,84.9,0.45,0.439,4,Pressure Vulnerable,#e74c3c
D Wiese,Death,22,5,17,1.7,0.6,0.3529,-29.64,124.05,153.68,-0.0169,0.1578,0.1746,146.95,0.4091,0.2461,3,Explosive Aggressor,#3498db
MP Stoinis,Death,79,8,71,2.662,0.75,0.2817,-87.02,90.48,177.5,-0.1549,0.0777,0.2326,168.69,0.3291,0.2137,2,Pressure Collapser,#9b59b6
AJ Turner,Death,36,5,31,1.55,0.6,0.3871,-137.63,50.63,188.26,-0.2084,0.0308,0.2392,169.15,0.4167,0.232,2,Pressure Collapser,#9b59b6
JC Silk,Death,53,6,47,2.061,0.8333,0.4043,-79.06,80.72,159.77,-0.1198,0.0474,0.1673,150.82,0.4528,0.2088,2,Pressure Collapser,#9b59b6
JDS Neesham,Death,36,6,30,1.923,0.8333,0.4333,-91.16,67.96,159.11,-0.1276,0.0763,0.2039,143.92,0.5,0.2717,2,Pressure Collapser,#9b59b6
PJ Cummins,Death,36,7,29,1.726,0.7143,0.4138,-73.83,78.27,152.1,-0.0955,0.0778,0.1733,137.74,0.4722,0.2842,2,Pressure Collapser,#9b59b6
CJ Boyce,Death,23,8,15,1.875,1.0,0.5333,-37.37,111.43,148.81,-0.0382,0.1448,0.1831,135.81,0.6957,0.3498,3,Explosive Aggressor,#3498db
S Luus,Death,29,5,24,1.8,0.6,0.3333,-114.12,41.62,155.74,-0.2156,0.0,0.2156,136.07,0.3793,0.2676,2,Pressure Collapser,#9b59b6
MM Ali,Death,32,7,25,1.488,0.7143,0.48,-78.56,97.05,175.61,-0.1126,0.1303,0.2429,158.42,0.5312,0.2877,2,Pressure Collapser,#9b59b6
CL Tryon,Death,35,5,30,0.9,0.6,0.6667,-52.34,123.19,175.53,-0.0631,0.1704,0.2335,168.05,0.6571,0.2485,3,Explosive Aggressor,#3498db
CA Henry,Death,23,8,15,2.25,0.75,0.3333,-39.36,79.93,119.29,-0.0346,0.0813,0.1158,105.6,0.4783,0.3459,3,Explosive Aggressor,#3498db
SA Yadav,Death,46,6,40,2.083,0.8333,0.4,-52.22,151.11,203.33,-0.0748,0.2488,0.3236,196.52,0.4565,0.2446,2,Pressure Collapser,#9b59b6
AR Patel,Death,75,9,66,2.173,0.8889,0.4091,-67.25,91.84,159.09,-0.0914,0.093,0.1844,151.02,0.4667,0.2254,2,Pressure Collapser,#9b59b6
JO Holder,Death,31,5,26,0.945,0.4,0.4231,-65.61,108.14,173.76,-0.0854,0.1569,0.2423,163.17,0.4194,0.2423,2,Pressure Collapser,#9b59b6
AC Agar,Death,42,8,34,2.288,0.875,0.3824,-53.72,80.68,134.39,-0.0439,0.0888,0.1327,124.16,0.4762,0.2591,3,Explosive Aggressor,#3498db
AJ Tye,Death,21,8,13,0.929,0.5,0.5385,-49.39,68.81,118.2,-0.023,0.0764,0.0994,99.38,0.5238,0.3663,3,Explosive Aggressor,#3498db
HH Pandya,Death,110,10,100,1.739,0.8,0.46,-84.13,94.66,178.79,-0.1116,0.1311,0.2427,171.14,0.4909,0.2426,2,Pressure Collapser,#9b59b6
SW Billings,Death,30,6,24,1.0,0.6667,0.6667,-89.89,93.84,183.73,-0.1161,0.159,0.275,165.75,0.6667,0.2789,2,Pressure Collapser,#9b59b6
Ritu Moni,Death,20,5,15,2.0,0.8,0.4,-61.45,43.81,105.26,-0.0908,0.0,0.0908,89.9,0.5,0.3192,4,Pressure Vulnerable,#e74c3c
DB Sharma,Death,41,5,36,2.16,0.6,0.2778,-63.18,60.06,123.24,-0.0705,0.05,0.1205,115.53,0.3171,0.2421,3,Explosive Aggressor,#3498db
MD Shanaka,Death,41,10,31,3.1,0.9,0.2903,-88.49,82.71,171.21,-0.1444,0.1,0.2444,149.62,0.439,0.2895,2,Pressure Collapser,#9b59b6
OU Ranasinghe,Death,15,5,10,2.0,0.8,0.4,-32.43,61.49,93.91,-0.0123,0.0662,0.0785,83.11,0.5333,0.3983,1,Composed Accumulator,#2ecc71
CR Brathwaite,Death,19,5,14,1.6,0.8,0.5,-49.07,133.18,182.25,-0.0477,0.211,0.2587,169.34,0.5789,0.2978,3,Explosive Aggressor,#3498db
RR Pant,Death,41,6,35,1.458,0.6667,0.4571,-66.65,124.86,191.51,-0.1077,0.1883,0.2959,181.76,0.4878,0.2566,2,Pressure Collapser,#9b59b6
Aliya Riaz,Death,35,7,28,3.0,0.8571,0.2857,-42.24,105.03,147.27,-0.0271,0.1331,0.1602,138.82,0.4,0.2708,3,Explosive Aggressor,#3498db
Kuldeep Yadav,Death,20,11,9,0.614,0.2727,0.4444,-29.11,79.06,108.17,0.0077,0.0903,0.0826,92.16,0.35,0.3882,1,Composed Accumulator,#2ecc71
R Powell,Death,38,6,32,1.684,1.0,0.5938,-112.58,73.91,186.49,-0.1804,0.084,0.2644,168.71,0.6579,0.2666,2,Pressure Collapser,#9b59b6
Faheem Ashraf,Death,26,5,21,1.75,1.0,0.5714,-78.65,79.67,158.32,-0.0834,0.1,0.1834,143.19,0.6538,0.2756,2,Pressure Collapser,#9b59b6
TH David,Death,74,15,59,1.539,0.6,0.3898,-77.43,122.98,200.42,-0.1098,0.1747,0.2845,184.72,0.4324,0.2633,2,Pressure Collapser,#9b59b6
JJ Peirson,Death,33,5,28,3.5,1.0,0.2857,-67.05,96.5,163.55,-0.0659,0.1507,0.2166,153.39,0.3939,0.2339,2,Pressure Collapser,#9b59b6
Rashid Khan,Death,39,12,27,1.841,0.75,0.4074,-97.77,100.3,198.06,-0.1455,0.1591,0.3045,167.98,0.5128,0.3349,2,Pressure Collapser,#9b59b6
S Ecclestone,Death,17,6,11,5.5,0.5,0.0909,-95.28,61.03,156.31,-0.1866,0.0238,0.2104,122.69,0.2353,0.3207,2,Pressure Collapser,#9b59b6
C Sutthiruang,Death,22,7,15,2.143,0.7143,0.3333,-67.79,64.56,132.35,-0.0589,0.0595,0.1184,110.78,0.4545,0.3435,3,Explosive Aggressor,#3498db
S Nampiina,Death,23,8,15,1.875,0.625,0.3333,-67.49,80.89,148.38,-0.0678,0.1141,0.1819,124.9,0.4348,0.3441,4,Pressure Vulnerable,#e74c3c
N Pooran,Death,50,7,43,1.675,0.8571,0.5116,-12.86,160.53,173.39,0.0249,0.2694,0.2445,171.59,0.56,0.2649,3,Explosive Aggressor,#3498db
DR Sams,Death,27,5,22,2.444,1.0,0.4091,-96.07,81.5,177.57,-0.1575,0.0771,0.2347,159.78,0.5185,0.2784,2,Pressure Collapser,#9b59b6
WK Dilhari,Death,15,5,10,1.5,0.6,0.4,-57.4,78.98,136.38,-0.0298,0.0952,0.1251,117.24,0.4667,0.3142,3,Explosive Aggressor,#3498db
SM Curran,Death,35,7,28,1.714,0.8571,0.5,-105.39,63.13,168.52,-0.1636,0.0585,0.2221,147.44,0.5714,0.2739,2,Pressure Collapser,#9b59b6
J Nkomo,Death,18,7,11,3.929,0.7143,0.1818,-60.24,58.75,118.98,-0.0167,0.078,0.0946,95.56,0.3889,0.3632,0,Steady Anchor,#34495e
RK Singh,Death,36,6,30,2.083,0.8333,0.4,-93.54,107.87,201.41,-0.1422,0.168,0.3103,185.82,0.4722,0.2505,2,Pressure Collapser,#9b59b6
W Mwatile,Death,22,10,12,2.7,0.9,0.3333,-102.99,60.14,163.13,-0.1242,0.071,0.1952,116.32,0.5909,0.3855,4,Pressure Vulnerable,#e74c3c
JJ Smit,Death,27,6,21,1.167,0.5,0.4286,-72.07,110.87,182.94,-0.0993,0.1464,0.2457,166.92,0.4444,0.2542,2,Pressure Collapser,#9b59b6
SA Okpe,Death,19,6,13,2.6,1.0,0.3846,-99.81,46.69,146.5,-0.1418,0.0185,0.1603,114.98,0.5789,0.3238,2,Pressure Collapser,#9b59b6
MR Adair,Death,27,6,21,1.458,0.8333,0.5714,-89.72,57.46,147.18,-0.1391,0.0357,0.1749,127.25,0.6296,0.3366,2,Pressure Collapser,#9b59b6
S Gajnabi,Death,17,7,10,1.429,0.7143,0.5,-61.32,57.11,118.43,-0.065,0.0476,0.1126,93.18,0.5882,0.377,4,Pressure Vulnerable,#e74c3c
IO Okpe,Death,30,9,21,1.256,0.7778,0.619,-71.59,85.94,157.53,-0.1099,0.0665,0.1764,136.05,0.6667,0.3028,2,Pressure Collapser,#9b59b6
W Sutherland,Death,23,7,16,1.27,0.7143,0.5625,-98.68,65.26,163.94,-0.1441,0.049,0.1931,133.91,0.6087,0.342,2,Pressure Collapser,#9b59b6
Abdul Samad,Death,27,6,21,0.875,0.3333,0.381,-99.55,86.91,186.45,-0.1393,0.1032,0.2424,164.33,0.3704,0.282,2,Pressure Collapser,#9b59b6
SO Hetmyer,Death,48,6,42,1.867,0.6667,0.3571,-61.29,118.11,179.4,-0.0738,0.1698,0.2436,171.74,0.3958,0.2265,2,Pressure Collapser,#9b59b6
RM Ghosh,Death,28,5,23,1.84,0.8,0.4348,-64.76,123.06,187.82,-0.068,0.2279,0.2959,176.26,0.5,0.2703,2,Pressure Collapser,#9b59b6
M Akayezu,Death,16,7,9,1.543,0.8571,0.5556,-112.13,83.13,195.26,-0.1678,0.0993,0.2671,146.2,0.6875,0.3765,2,Pressure Collapser,#9b59b6
P Alako,Death,16,10,6,1.5,0.5,0.3333,-97.78,60.59,158.36,-0.1494,0.0379,0.1873,97.25,0.4375,0.4758,4,Pressure Vulnerable,#e74c3c
Mohammad Nawaz,Death,26,7,19,0.987,0.5714,0.5789,-53.12,124.18,177.3,-0.1127,0.1434,0.256,163.0,0.5769,0.2896,2,Pressure Collapser,#9b59b6
R Shepherd,Death,32,6,26,2.708,0.8333,0.3077,-89.75,99.25,189.01,-0.1295,0.1412,0.2708,172.18,0.4062,0.2757,2,Pressure Collapser,#9b59b6
AJ Hosein,Death,19,6,13,2.708,0.8333,0.3077,-64.98,100.78,165.75,-0.0208,0.1588,0.1797,145.23,0.4737,0.3219,3,Explosive Aggressor,#3498db
S Dharnidharka,Death,16,7,9,2.571,0.5714,0.2222,-81.12,49.77,130.89,-0.1285,0.0143,0.1428,95.4,0.375,0.3427,4,Pressure Vulnerable,#e74c3c
IKEG Artawan,Death,17,6,11,0.733,0.3333,0.4545,-22.56,81.53,104.09,-0.0138,0.0976,0.1115,96.12,0.4118,0.4039,1,Composed Accumulator,#2ecc71
Ahmad Ramdoni,Death,20,5,15,2.25,0.6,0.2667,-73.76,72.02,145.79,-0.1189,0.0619,0.1808,127.35,0.35,0.315,4,Pressure Vulnerable,#e74c3c
